Data;7460 - �ndice de Pre�os por Atacado-Oferta Global (IPA-OG) - Produtos agr�colas - Var. % mensal;7461 - �ndice Nacional de Custo da Constru��o (INCC-DI) - M�o-de-obra - Var. % mensal;7462 - �ndice Nacional de Custo da Constru��o (INCC-DI) - Materiais e servi�os - Var. % mensal
01/1994;45,57 ;-;-
02/1994;45,65 ;-;-
03/1994;48,94 ;-;-
04/1994;36,88 ;-;-
05/1994;38,23 ;-;-
06/1994;48,17 ;-;-
07/1994;41,97 ;-;-
08/1994;13,36 ;-;-
09/1994;5,21 ;-;-
10/1994;5,99 ;-;-
11/1994;2,00 ;-;-
12/1994;-2,83 ;-;-
01/1995;0,78 ;-;-
02/1995;0,23 ;-;-
03/1995;2,23 ;-;-
04/1995;1,88 ;-;-
05/1995;-7,64 ;-;-
06/1995;0,55 ;-;-
07/1995;3,38 ;-;-
08/1995;4,64 ;-;-
09/1995;-9,58 ;-;-
10/1995;-2,37 ;-;-
11/1995;3,94 ;-;-
12/1995;-2,67 ;-;-
01/1996;3,67 ;-;-
02/1996;1,42 ;-;-
03/1996;0,10 ;-;-
04/1996;0,48 ;-;-
05/1996;3,67 ;-;-
06/1996;2,04 ;-;-
07/1996;3,91 ;-;-
08/1996;-1,03 ;-;-
09/1996;0,58 ;-;-
10/1996;0,32 ;-;-
11/1996;0,02 ;-;-
12/1996;1,04 ;-;-
01/1997;4,40 ;0,19 ;0,45
02/1997;0,32 ;0,14 ;0,80
03/1997;4,55 ;1,14 ;0,38
04/1997;0,79 ;0,52 ;-0,03
05/1997;0,08 ;1,42 ;0,37
06/1997;0,11 ;1,80 ;0,49
07/1997;-1,33 ;0,91 ;0,14
08/1997;-0,50 ;2,17 ;0,26
09/1997;2,39 ;0,31 ;0,22
10/1997;0,83 ;0,14 ;0,17
11/1997;2,59 ;0,54 ;0,55
12/1997;2,38 ;0,18 ;0,28
01/1998;1,71 ;0,28 ;0,38
02/1998;-0,62 ;0,35 ;0,61
03/1998;0,20 ;0,56 ;0,38
04/1998;-0,70 ;-1,26 ;0,21
05/1998;0,16 ;1,58 ;0,41
06/1998;0,15 ;0,64 ;0,16
07/1998;-1,38 ;0,64 ;0,05
08/1998;0,35 ;0,42 ;0,02
09/1998;0,82 ;0,08 ;-0,05
10/1998;-0,39 ;0,03 ;-0,02
11/1998;-0,10 ;0,00 ;-0,10
12/1998;4,76 ;0,05 ;0,04
01/1999;1,10 ;0,48 ;0,61
02/1999;9,12 ;0,57 ;1,37
03/1999;2,31 ;0,15 ;0,94
04/1999;-3,30 ;0,21 ;0,81
05/1999;-4,04 ;1,70 ;0,08
06/1999;2,34 ;0,67 ;0,15
07/1999;1,53 ;0,47 ;0,45
08/1999;2,15 ;0,19 ;1,18
09/1999;2,83 ;0,11 ;1,57
10/1999;3,50 ;0,14 ;1,83
11/1999;6,70 ;0,19 ;1,58
12/1999;2,91 ;0,53 ;1,51
01/2000;1,11 ;0,34 ;1,73
02/2000;-1,13 ;0,53 ;0,99
03/2000;-1,58 ;0,35 ;0,74
04/2000;-0,82 ;0,83 ;0,39
05/2000;0,63 ;2,40 ;0,42
06/2000;3,40 ;1,27 ;0,25
07/2000;3,51 ;0,24 ;0,35
08/2000;4,55 ;0,17 ;0,58
09/2000;2,03 ;0,01 ;0,48
10/2000;0,80 ;0,26 ;0,40
11/2000;-0,07 ;0,44 ;0,39
12/2000;0,17 ;0,22 ;1,02
01/2001;-0,62 ;0,55 ;0,61
02/2001;0,30 ;0,17 ;0,51
03/2001;3,03 ;0,00 ;0,53
04/2001;3,80 ;0,45 ;0,28
05/2001;-0,64 ;3,38 ;0,93
06/2001;2,93 ;1,65 ;0,70
07/2001;2,01 ;0,08 ;0,94
08/2001;1,33 ;0,00 ;1,22
09/2001;-0,21 ;0,00 ;1,07
10/2001;1,74 ;1,04 ;0,83
11/2001;0,93 ;0,69 ;0,78
12/2001;0,48 ;0,08 ;0,58
01/2002;0,37 ;0,00 ;0,70
02/2002;-0,44 ;0,69 ;0,47
03/2002;-0,49 ;0,75 ;0,35
04/2002;-0,71 ;0,35 ;0,31
05/2002;0,85 ;4,70 ;0,51
06/2002;4,57 ;0,69 ;0,45
07/2002;4,39 ;0,00 ;0,58
08/2002;5,48 ;0,69 ;1,31
09/2002;5,86 ;0,00 ;1,39
10/2002;8,65 ;0,44 ;1,79
11/2002;8,42 ;0,80 ;3,99
12/2002;3,03 ;0,00 ;3,25
01/2003;1,16 ;0,00 ;2,84
02/2003;1,20 ;1,03 ;1,71
03/2003;0,32 ;0,99 ;1,71
04/2003;-0,99 ;0,00 ;1,67
05/2003;-3,08 ;5,14 ;0,91
06/2003;-1,04 ;1,84 ;0,37
07/2003;-0,42 ;1,57 ;0,49
08/2003;1,77 ;2,73 ;0,30
09/2003;3,55 ;0,11 ;0,31
10/2003;1,30 ;1,00 ;0,35
11/2003;0,26 ;1,81 ;0,33
12/2003;0,58 ;0,00 ;0,31
01/2004;-0,34 ;0,00 ;0,62
02/2004;-0,76 ;0,97 ;1,02
03/2004;1,48 ;0,91 ;1,38
04/2004;0,80 ;0,00 ;1,12
05/2004;2,71 ;2,05 ;1,63
06/2004;0,52 ;0,59 ;0,80
07/2004;0,26 ;1,01 ;1,23
08/2004;0,53 ;0,00 ;1,53
09/2004;-0,64 ;0,00 ;1,09
10/2004;-2,73 ;0,28 ;1,99
11/2004;0,14 ;0,00 ;1,33
12/2004;0,75 ;0,23 ;0,75
01/2005;-0,63 ;0,62 ;0,87
02/2005;1,29 ;0,00 ;0,82
03/2005;3,59 ;0,55 ;0,78
04/2005;-1,60 ;0,80 ;0,65
05/2005;-2,76 ;4,14 ;0,36
06/2005;-0,98 ;1,47 ;0,15
07/2005;-1,60 ;0,13 ;0,10
08/2005;-2,47 ;0,00 ;0,03
09/2005;-3,17 ;0,18 ;0,30
10/2005;0,80 ;0,00 ;0,36
11/2005;0,62 ;0,24 ;0,32
12/2005;0,61 ;0,57 ;0,20
01/2006;0,64 ;0,00 ;0,65
02/2006;-0,77 ;0,04 ;0,31
03/2006;-3,23 ;0,34 ;0,09
04/2006;-0,85 ;0,47 ;0,26
05/2006;-0,25 ;2,40 ;0,38
06/2006;1,66 ;1,32 ;0,53
07/2006;0,45 ;0,72 ;0,25
08/2006;1,19 ;0,14 ;0,32
09/2006;1,20 ;0,04 ;0,18
10/2006;5,18 ;0,04 ;0,35
11/2006;2,39 ;0,12 ;0,33
12/2006;-0,66 ;0,25 ;0,46
01/2007;1,07 ;0,32 ;0,57
02/2007;1,08 ;0,00 ;0,40
03/2007;-0,18 ;0,36 ;0,19
04/2007;-2,44 ;0,44 ;0,47
05/2007;-1,94 ;1,81 ;0,57
06/2007;0,67 ;1,57 ;0,34
07/2007;1,79 ;0,20 ;0,40
08/2007;6,15 ;0,27 ;0,25
09/2007;5,27 ;0,26 ;0,73
10/2007;2,73 ;0,11 ;0,87
11/2007;4,32 ;0,14 ;0,56
12/2007;4,27 ;0,67 ;0,51
01/2008;1,60 ;0,13 ;0,60
02/2008;-0,19 ;0,01 ;0,75
03/2008;0,46 ;0,32 ;0,96
04/2008;0,08 ;0,88 ;0,86
05/2008;2,47 ;2,50 ;1,61
06/2008;3,88 ;2,25 ;1,64
07/2008;1,14 ;1,14 ;1,74
08/2008;-5,09 ;0,11 ;2,13
09/2008;-0,46 ;0,27 ;1,53
10/2008;-0,02 ;0,12 ;1,34
11/2008;-0,64 ;0,22 ;0,73
12/2008;-1,30 ;0,00 ;0,32
01/2009;2,07 ;0,28 ;0,38
02/2009;-0,36 ;0,23 ;0,30
03/2009;-2,37 ;0,10 ;-0,55
04/2009;1,36 ;0,58 ;-0,57
05/2009;0,58 ;3,49 ;-0,41
06/2009;0,34 ;1,51 ;-0,01
07/2009;-2,57 ;0,65 ;-0,09
08/2009;0,01 ;0,15 ;-0,24
09/2009;-0,76 ;0,12 ;0,17
10/2009;-0,25 ;0,02 ;0,10
11/2009;0,06 ;0,40 ;0,19
12/2009;-1,21 ;-0,01 ;0,19
01/2010;-0,32 ;0,68 ;0,60
02/2010;1,46 ;0,21 ;0,50
03/2010;2,33 ;1,05 ;0,48
04/2010;1,51 ;1,07 ;0,63
05/2010;0,19 ;3,13 ;0,60
06/2010;0,46 ;1,30 ;0,90
07/2010;-0,10 ;0,46 ;0,43
08/2010;2,68 ;0,03 ;0,23
09/2010;5,15 ;0,01 ;0,39
10/2010;4,13 ;0,20 ;0,19
11/2010;5,56 ;0,55 ;0,20
12/2010;0,18 ;1,28 ;0,09
01/2011;1,90 ;0,12 ;0,69
02/2011;2,60 ;0,02 ;0,53
03/2011;1,08 ;0,37 ;0,49
04/2011;-0,66 ;1,74 ;0,42
05/2011;-3,19 ;5,48 ;0,51
06/2011;-1,11 ;0,36 ;0,38
07/2011;-0,31 ;0,59 ;0,30
08/2011;1,64 ;0,04 ;0,22
09/2011;1,85 ;0,01 ;0,28
10/2011;-0,62 ;0,16 ;0,30
11/2011;0,54 ;1,19 ;0,24
12/2011;-0,47 ;0,01 ;0,21
01/2012;1,07 ;1,34 ;0,45
02/2012;0,01 ;0,10 ;0,50
03/2012;1,22 ;0,69 ;0,32
04/2012;1,04 ;0,97 ;0,52
05/2012;0,67 ;3,38 ;0,35
06/2012;0,99 ;1,03 ;0,41
07/2012;5,31 ;0,82 ;0,51
08/2012;5,19 ;0,13 ;0,39
09/2012;1,98 ;0,00 ;0,46
10/2012;-1,34 ;0,01 ;0,42
11/2012;0,48 ;0,41 ;0,25
12/2012;1,27 ;0,13 ;0,19
01/2013;-1,62 ;0,66 ;0,63
02/2013;-0,48 ;0,77 ;0,44
03/2013;-0,72 ;0,52 ;0,48
04/2013;-2,69 ;0,95 ;0,50
05/2013;-0,75 ;3,77 ;0,64
06/2013;1,46 ;1,74 ;0,50
07/2013;-0,27 ;0,55 ;0,40
08/2013;0,36 ;0,00 ;0,66
09/2013;2,04 ;0,00 ;0,91
10/2013;0,42 ;0,00 ;0,55
11/2013;0,20 ;0,45 ;0,24
12/2013;0,39 ;0,00 ;0,21
01/2014;-1,57 ;1,19 ;0,54
02/2014;1,72 ;0,06 ;0,62
03/2014;5,58 ;0,01 ;0,57
04/2014;1,30 ;0,99 ;0,77
05/2014;-2,46 ;3,42 ;0,57
06/2014;-2,97 ;0,99 ;0,30
07/2014;-2,81 ;1,11 ;0,34
08/2014;0,39 ;0,00 ;0,16
09/2014;-0,40 ;0,00 ;0,33
10/2014;2,25 ;0,00 ;0,37
11/2014;2,93 ;0,46 ;0,42
12/2014;0,72 ;0,00 ;0,18
01/2015;0,70 ;0,87 ;0,97
02/2015;1,12 ;0,21 ;0,42
03/2015;2,10 ;0,53 ;0,73
04/2015;0,03 ;0,11 ;0,84
05/2015;-1,15 ;1,18 ;0,70
06/2015;0,15 ;3,28 ;0,23
07/2015;1,02 ;0,80 ;0,26
08/2015;0,58 ;0,87 ;0,27
09/2015;3,40 ;0,00 ;0,47
10/2015;2,75 ;0,00 ;0,77
11/2015;2,48 ;0,00 ;0,72
12/2015;1,51 ;0,02 ;0,20
01/2016;2,58 ;0,27 ;0,53
02/2016;2,02 ;0,56 ;0,51
03/2016;1,28 ;0,97 ;0,26
04/2016;1,14 ;0,72 ;0,35
05/2016;3,31 ;0,09 ;0,07
06/2016;5,58 ;3,43 ;0,23
07/2016;-2,01 ;0,90 ;0,02
08/2016;0,88 ;0,30 ;0,29
09/2016;-1,56 ;0,48 ;0,15
10/2016;-0,40 ;0,39 ;0,00
11/2016;-1,87 ;0,37 ;-0,09
12/2016;-1,16 ;0,54 ;0,12
01/2017;-2,05 ;0,28 ;0,57
02/2017;-0,67 ;0,78 ;0,50
03/2017;-2,09 ;0,33 ;-0,04
04/2017;-4,10 ;0,00 ;-0,05
05/2017;-0,72 ;1,16 ;0,00
06/2017;-2,88 ;1,70 ;-0,01
07/2017;-1,42 ;0,49 ;0,07
08/2017;-1,81 ;0,33 ;0,39
09/2017;0,75 ;-0,08 ;0,24
10/2017;0,37 ;0,01 ;0,67
11/2017;0,85 ;0,05 ;0,63
12/2017;0,81 ;0,05 ;0,11
01/2018;-0,52 ;0,00 ;0,69
02/2018;0,59 ;0,00 ;0,28
03/2018;3,39 ;0,03 ;0,50
04/2018;2,18 ;0,27 ;0,31
05/2018;1,50 ;0,10 ;0,39
06/2018;1,19 ;1,12 ;0,79
07/2018;-0,69 ;0,23 ;1,08
08/2018;1,90 ;0,00 ;0,33
09/2018;2,11 ;0,06 ;0,44
10/2018;-1,08 ;0,16 ;0,57
11/2018;-2,41 ;0,00 ;0,29
12/2018;-0,73 ;0,06 ;0,23
01/2019;-0,88 ;0,40 ;0,60
02/2019;4,38 ;0,04 ;0,15
03/2019;3,02 ;0,12 ;0,54
04/2019;-0,41 ;0,20 ;0,58
05/2019;-2,28 ;0,01 ;0,06
06/2019;2,24 ;1,57 ;0,09
07/2019;-2,08 ;0,84 ;0,26
08/2019;0,93 ;0,69 ;0,10
09/2019;1,06 ;0,64 ;0,26
10/2019;1,53 ;0,00 ;0,40
11/2019;4,50 ;0,00 ;0,08
12/2019;4,39 ;0,32 ;0,07
01/2020;-0,88 ;0,06 ;0,76
02/2020;1,88 ;0,21 ;0,47
03/2020;3,96 ;0,21 ;0,31
04/2020;1,62 ;0,00 ;0,48
05/2020;1,56 ;0,00 ;0,44
Fonte;FGV;FGV;FGV
02/1944;-;1,45 ;-;0,57 ;0,00 ;-;-;-;-;-
03/1944;-;1,43 ;-;3,96 ;-0,52 ;-;-;-;-;-
04/1944;-;1,41 ;-;2,33 ;2,95 ;-;-;-;-;-
05/1944;-;1,39 ;-;-0,54 ;0,16 ;-;-;-;-;-
06/1944;-;1,37 ;-;1,21 ;1,86 ;-;-;-;-;-
07/1944;-;1,35 ;-;1,45 ;1,48 ;-;-;-;-;-
08/1944;-;1,33 ;-;-2,08 ;1,79 ;-;-;-;-;-
09/1944;-;1,32 ;-;4,94 ;2,56 ;-;-;-;-;-
10/1944;-;2,60 ;-;1,13 ;0,00 ;-;-;-;-;-
11/1944;-;2,53 ;-;2,14 ;-0,32 ;-;-;-;-;-
12/1944;-;0,00 ;-;0,12 ;0,47 ;-;-;-;-;-
01/1945;-;1,23 ;-;-4,42 ;4,05 ;-;-;-;-;-
02/1945;-;2,44 ;-;-0,64 ;1,94 ;-;-;-;-;-
03/1945;-;-1,19 ;-;0,00 ;-0,44 ;-;-;-;-;-
04/1945;-;0,00 ;-;3,48 ;-0,73 ;-;-;-;-;-
05/1945;-;1,20 ;-;0,26 ;2,37 ;-;-;-;-;-
06/1945;-;1,19 ;-;1,61 ;0,87 ;-;-;-;-;-
07/1945;-;1,18 ;-;1,24 ;1,72 ;-;-;-;-;-
08/1945;-;1,16 ;-;0,84 ;-0,85 ;-;-;-;-;-
09/1945;-;0,00 ;-;2,52 ;0,00 ;-;-;-;-;-
10/1945;-;1,15 ;-;1,17 ;0,85 ;-;-;-;-;-
11/1945;-;1,14 ;-;4,07 ;-0,15 ;-;-;-;-;-
12/1945;-;1,12 ;-;1,56 ;0,00 ;-;-;-;-;-
01/1946;-;1,11 ;-;5,26 ;1,98 ;-;-;-;-;-
02/1946;-;1,10 ;-;0,92 ;0,97 ;-;-;-;-;-
03/1946;-;1,09 ;-;-0,52 ;1,79 ;-;-;-;-;-
04/1946;-;1,08 ;-;0,63 ;1,62 ;-;-;-;-;-
05/1946;-;1,06 ;-;1,13 ;1,45 ;-;-;-;-;-
06/1946;-;3,16 ;-;0,31 ;3,01 ;-;-;-;-;-
07/1946;-;2,04 ;-;1,41 ;2,41 ;-;-;-;-;-
08/1946;-;4,00 ;-;1,61 ;1,86 ;-;-;-;-;-
09/1946;-;2,88 ;-;3,35 ;0,37 ;-;-;-;-;-
10/1946;-;0,93 ;-;0,09 ;1,21 ;-;-;-;-;-
11/1946;-;0,93 ;-;0,77 ;0,00 ;-;-;-;-;-
12/1946;-;0,92 ;-;0,19 ;1,45 ;-;-;-;-;-
01/1947;-;3,64 ;-;2,93 ;1,89 ;-;-;-;-;-
02/1947;-;0,88 ;-;1,64 ;0,69 ;-;-;-;-;-
03/1947;-;0,87 ;-;0,36 ;0,11 ;-;-;-;-;-
04/1947;-;-2,59 ;-;-0,36 ;-1,03 ;-;-;-;-;-
05/1947;-;-0,88 ;-;4,52 ;0,24 ;-;-;-;-;-
06/1947;-;-0,89 ;-;0,52 ;-0,24 ;-;-;-;-;-
07/1947;-;-1,80 ;-;0,60 ;-1,39 ;-;-;-;-;-
08/1947;-;0,00 ;-;1,29 ;-0,94 ;-;-;-;-;-
09/1947;-;0,92 ;-;-0,18 ;0,36 ;-;-;-;-;-
10/1947;-;0,00 ;-;0,34 ;0,94 ;-;-;-;-;-
11/1947;-;0,91 ;-;-0,16 ;2,00 ;-;-;-;-;-
12/1947;-;1,80 ;-;-0,09 ;0,11 ;-;-;-;-;-
01/1948;-;2,66 ;-;1,26 ;1,84 ;-;-;-;-;-
02/1948;-;2,59 ;-;-0,08 ;3,85 ;-;-;-;-;-
03/1948;-;1,68 ;-;0,17 ;0,00 ;-;-;-;-;-
04/1948;-;-0,83 ;-;0,50 ;-1,20 ;-;-;-;-;-
05/1948;-;-0,83 ;-;0,08 ;-0,66 ;-;-;-;-;-
06/1948;-;0,84 ;-;0,17 ;1,33 ;-;-;-;-;-
07/1948;-;-0,83 ;-;0,08 ;-0,76 ;-;-;-;-;-
08/1948;-;0,84 ;-;0,00 ;2,31 ;-;-;-;-;-
09/1948;-;0,00 ;-;0,00 ;-0,11 ;-;-;-;-;-
10/1948;-;0,00 ;-;0,41 ;0,32 ;-;-;-;-;-
11/1948;-;0,83 ;-;0,00 ;0,43 ;-;-;-;-;-
12/1948;-;0,83 ;-;0,57 ;-0,32 ;-;-;-;-;-
01/1949;-;1,64 ;-;-0,90 ;2,57 ;-;-;-;-;-
02/1949;-;0,81 ;-;-0,16 ;0,64 ;-;-;-;-;-
03/1949;-;0,00 ;-;1,65 ;-0,63 ;-;-;-;-;-
04/1949;-;0,00 ;-;0,56 ;0,32 ;-;-;-;-;-
05/1949;-;0,00 ;-;0,57 ;-1,67 ;-;-;-;-;-
06/1949;-;0,00 ;-;1,28 ;-0,43 ;-;-;-;-;-
07/1949;-;0,80 ;-;1,11 ;0,75 ;-;-;-;-;-
08/1949;-;0,79 ;-;3,60 ;0,84 ;-;-;-;-;-
09/1949;-;0,79 ;-;1,98 ;1,47 ;-;-;-;-;-
10/1949;-;2,34 ;-;0,81 ;0,62 ;-;-;-;-;-
11/1949;-;4,58 ;-;0,59 ;1,03 ;-;-;-;-;-
12/1949;-;0,00 ;-;0,21 ;-0,41 ;-;-;-;-;-
01/1950;-;1,46 ;-;-2,04 ;-1,02 ;-;-;-;-;-
02/1950;-;0,00 ;-;1,26 ;-2,16 ;-;-;-;-;-
03/1950;-;-2,16 ;-;0,89 ;-1,90 ;-;-;-;-;-
04/1950;-;-0,74 ;-;0,94 ;-1,40 ;-;-;-;-;-
05/1950;-;0,74 ;-;0,59 ;0,22 ;-;-;-;-;-
06/1950;-;0,74 ;-;-1,67 ;1,19 ;-;-;-;-;-
07/1950;-;2,19 ;-;-4,17 ;3,66 ;-;-;-;-;-
08/1950;-;2,86 ;-;0,76 ;3,21 ;-;-;-;-;-
09/1950;-;2,78 ;-;-0,38 ;1,51 ;-;-;-;-;-
10/1950;-;2,70 ;-;4,64 ;3,96 ;-;-;-;-;-
11/1950;-;0,00 ;-;0,00 ;1,90 ;-;-;-;-;-
12/1950;-;1,32 ;-;1,23 ;1,87 ;-;-;-;-;-
01/1951;-;3,25 ;-;0,40 ;2,76 ;-;-;-;-;-
02/1951;-;1,26 ;-;0,89 ;0,89 ;-;-;-;-;-
03/1951;-;2,48 ;-;-0,88 ;1,77 ;-;-;-;-;-
04/1951;-;1,21 ;-;2,78 ;2,61 ;-;-;-;-;-
05/1951;-;1,20 ;-;0,19 ;1,70 ;-;-;-;-;-
06/1951;-;-1,18 ;-;5,01 ;-0,83 ;-;-;-;-;-
07/1951;-;-2,40 ;-;0,37 ;-1,68 ;-;-;-;-;-
08/1951;-;1,23 ;-;3,11 ;1,71 ;-;-;-;-;-
09/1951;-;0,61 ;-;-0,35 ;0,84 ;-;-;-;-;-
10/1951;-;1,81 ;-;1,07 ;3,33 ;-;-;-;-;-
11/1951;-;0,59 ;-;0,18 ;1,61 ;-;-;-;-;-
12/1951;-;1,76 ;-;-0,53 ;1,59 ;-;-;-;-;-
01/1952;-;3,47 ;-;-0,71 ;4,69 ;-;-;-;-;-
02/1952;-;1,68 ;-;0,00 ;-2,24 ;-;-;-;-;-
03/1952;-;0,00 ;-;1,96 ;-0,76 ;-;-;-;-;-
04/1952;-;0,00 ;-;1,92 ;2,31 ;-;-;-;-;-
05/1952;-;0,55 ;-;0,00 ;-0,75 ;-;-;-;-;-
06/1952;-;0,55 ;-;-0,68 ;0,00 ;-;-;-;-;-
07/1952;-;1,63 ;-;1,29 ;2,28 ;-;-;-;-;-
08/1952;-;0,54 ;-;0,60 ;0,74 ;-;-;-;-;-
09/1952;-;-0,53 ;-;0,00 ;-1,47 ;-;-;-;-;-
10/1952;-;0,54 ;-;0,59 ;1,49 ;-;-;-;-;-
11/1952;-;2,66 ;-;0,00 ;2,94 ;-;-;-;-;-
12/1952;-;1,04 ;-;2,44 ;0,00 ;-;-;-;-;-
01/1953;-;1,03 ;-;-1,15 ;0,71 ;-;-;-;-;-
02/1953;-;1,02 ;-;1,16 ;1,41 ;-;-;-;-;-
03/1953;-;2,51 ;-;-0,57 ;0,70 ;-;-;-;-;-
04/1953;-;0,00 ;-;4,13 ;-0,69 ;-;-;-;-;-
05/1953;-;-0,49 ;-;-2,22 ;0,00 ;-;-;-;-;-
06/1953;-;1,48 ;-;6,97 ;2,10 ;-;-;-;-;-
07/1953;-;1,94 ;-;0,00 ;10,96 ;-;-;-;-;-
08/1953;-;3,81 ;-;-0,53 ;0,00 ;-;-;-;-;-
09/1953;-;1,38 ;-;1,60 ;1,24 ;-;-;-;-;-
10/1953;-;2,71 ;-;1,13 ;1,22 ;-;-;-;-;-
11/1953;-;1,32 ;-;1,04 ;3,02 ;-;-;-;-;-
12/1953;-;2,17 ;-;0,00 ;2,34 ;-;-;-;-;-
01/1954;-;2,93 ;-;0,51 ;0,08 ;-;-;-;-;-
02/1954;-;2,48 ;-;0,58 ;1,05 ;-;-;-;-;-
03/1954;-;1,93 ;-;2,54 ;0,00 ;-;-;-;-;-
04/1954;-;3,79 ;-;0,00 ;3,63 ;-;-;-;-;-
05/1954;-;1,83 ;-;4,96 ;1,50 ;-;-;-;-;-
06/1954;-;1,35 ;-;1,75 ;3,45 ;-;-;-;-;-
07/1954;-;1,33 ;-;3,45 ;1,43 ;-;-;-;-;-
08/1954;-;0,87 ;-;2,82 ;1,88 ;-;-;-;-;-
09/1954;-;2,60 ;-;11,41 ;2,30 ;-;-;-;-;-
10/1954;-;0,42 ;-;-1,45 ;0,90 ;-;-;-;-;-
11/1954;-;2,10 ;-;0,97 ;2,23 ;-;-;-;-;-
12/1954;-;1,65 ;-;1,01 ;1,75 ;-;-;-;-;-
01/1955;-;1,62 ;-;-1,45 ;3,00 ;-;-;-;-;-
02/1955;-;0,00 ;-;0,00 ;-0,83 ;-;-;-;-;-
03/1955;-;0,80 ;-;0,45 ;0,84 ;-;-;-;-;-
04/1955;-;1,98 ;-;1,46 ;2,08 ;-;-;-;-;-
05/1955;-;0,00 ;-;-0,94 ;-0,41 ;-;-;-;-;-
06/1955;-;0,00 ;-;0,50 ;0,82 ;-;-;-;-;-
07/1955;-;1,16 ;-;0,95 ;1,63 ;-;-;-;-;-
08/1955;-;1,92 ;-;0,00 ;2,40 ;-;-;-;-;-
09/1955;-;2,26 ;-;8,66 ;2,34 ;-;-;-;-;-
10/1955;-;1,10 ;-;-0,86 ;1,15 ;-;-;-;-;-
11/1955;-;0,36 ;-;0,00 ;1,13 ;-;-;-;-;-
12/1955;-;0,36 ;-;0,00 ;1,12 ;-;-;-;-;-
01/1956;-;1,80 ;-;2,20 ;-0,37 ;-;-;-;-;-
02/1956;-;2,84 ;-;2,20 ;1,85 ;-;-;-;-;-
03/1956;-;1,38 ;-;1,72 ;1,82 ;-;-;-;-;-
04/1956;-;0,34 ;-;-2,12 ;2,50 ;-;-;-;-;-
05/1956;-;3,05 ;-;0,89 ;2,79 ;-;-;-;-;-
06/1956;-;2,96 ;-;5,51 ;3,39 ;-;-;-;-;-
07/1956;-;1,60 ;-;0,79 ;2,29 ;-;-;-;-;-
08/1956;-;1,89 ;-;2,80 ;2,24 ;-;-;-;-;-
09/1956;-;3,40 ;-;10,13 ;2,51 ;-;-;-;-;-
10/1956;-;1,49 ;-;2,11 ;2,45 ;-;-;-;-;-
11/1956;-;1,18 ;-;-0,67 ;1,19 ;-;-;-;-;-
12/1956;-;0,29 ;-;-0,36 ;0,59 ;-;-;-;-;-
01/1957;-;4,35 ;-;5,94 ;4,99 ;-;-;-;-;-
02/1957;-;0,00 ;-;0,00 ;-0,28 ;-;-;-;-;-
03/1957;-;-0,28 ;-;0,34 ;-0,28 ;-;-;-;-;-
04/1957;-;-0,28 ;-;0,00 ;-1,97 ;-;-;-;-;-
05/1957;-;-0,28 ;-;0,00 ;-0,29 ;-;-;-;-;-
06/1957;-;0,00 ;-;0,68 ;-0,57 ;-;-;-;-;-
07/1957;-;0,28 ;-;-1,99 ;0,87 ;-;-;-;-;-
08/1957;-;0,56 ;-;0,69 ;1,15 ;-;-;-;-;-
09/1957;-;-0,28 ;-;0,00 ;-0,57 ;-;-;-;-;-
10/1957;-;0,28 ;-;-0,34 ;-0,57 ;-;-;-;-;-
11/1957;-;1,11 ;-;0,99 ;0,86 ;-;-;-;-;-
12/1957;-;1,37 ;-;0,34 ;0,57 ;-;-;-;-;-
01/1958;-;1,35 ;-;0,64 ;1,13 ;-;-;-;-;-
02/1958;-;0,53 ;-;0,34 ;0,28 ;-;-;-;-;-
03/1958;-;1,33 ;-;4,54 ;1,11 ;-;-;-;-;-
04/1958;-;1,31 ;-;0,93 ;2,20 ;-;-;-;-;-
05/1958;-;1,81 ;-;1,84 ;2,70 ;-;-;-;-;-
06/1958;-;0,25 ;-;1,21 ;1,05 ;-;-;-;-;-
07/1958;-;1,78 ;-;0,31 ;1,82 ;-;-;-;-;-
08/1958;-;2,00 ;-;2,39 ;3,83 ;-;-;-;-;-
09/1958;-;2,93 ;-;6,40 ;3,69 ;-;-;-;-;-
10/1958;-;3,56 ;-;1,91 ;4,98 ;-;-;-;-;-
11/1958;-;4,13 ;-;3,47 ;6,32 ;-;-;-;-;-
12/1958;-;1,10 ;-;1,28 ;1,91 ;-;-;-;-;-
01/1959;-;4,14 ;-;5,90 ;3,33 ;-;-;-;-;-
02/1959;-;7,11 ;-;5,79 ;6,85 ;-;-;-;-;-
03/1959;-;1,56 ;-;7,31 ;0,38 ;-;-;-;-;-
04/1959;-;2,12 ;-;-0,22 ;2,26 ;-;-;-;-;-
05/1959;-;1,13 ;-;0,00 ;1,65 ;-;-;-;-;-
06/1959;-;1,12 ;-;-1,49 ;1,45 ;-;-;-;-;-
07/1959;-;2,21 ;-;0,45 ;0,89 ;-;-;-;-;-
08/1959;-;4,68 ;-;-0,44 ;4,59 ;-;-;-;-;-
09/1959;-;2,58 ;-;0,45 ;2,87 ;-;-;-;-;-
10/1959;-;2,35 ;-;0,87 ;2,13 ;-;-;-;-;-
11/1959;-;3,61 ;-;1,50 ;3,22 ;-;-;-;-;-
12/1959;-;1,27 ;-;-0,63 ;1,56 ;-;-;-;-;-
01/1960;-;1,56 ;-;-0,22 ;2,15 ;-;-;-;-;-
02/1960;-;2,46 ;-;0,22 ;4,20 ;-;-;-;-;-
03/1960;-;1,50 ;-;4,64 ;1,44 ;-;-;-;-;-
04/1960;-;1,63 ;-;0,63 ;1,14 ;-;-;-;-;-
05/1960;-;0,15 ;-;1,59 ;0,14 ;-;-;-;-;-
06/1960;-;0,58 ;-;1,59 ;0,70 ;-;-;-;-;-
07/1960;-;2,02 ;-;0,20 ;1,81 ;-;-;-;-;-
08/1960;-;2,97 ;-;4,46 ;4,92 ;-;-;-;-;-
09/1960;-;3,99 ;-;2,05 ;3,78 ;-;-;-;-;-
10/1960;-;5,03 ;-;11,14 ;5,15 ;-;-;-;-;-
11/1960;-;3,02 ;-;8,53 ;2,51 ;-;-;-;-;-
12/1960;-;2,08 ;-;0,61 ;2,21 ;-;-;-;-;-
01/1961;-;1,92 ;-;0,00 ;2,17 ;-;-;-;-;-
02/1961;-;0,35 ;-;1,81 ;-0,33 ;-;-;-;-;-
03/1961;-;2,11 ;-;3,39 ;2,35 ;-;-;-;-;-
04/1961;-;4,93 ;-;5,72 ;5,47 ;-;-;-;-;-
05/1961;-;1,42 ;-;0,81 ;1,45 ;-;-;-;-;-
06/1961;-;1,51 ;-;1,48 ;2,35 ;-;-;-;-;-
07/1961;-;1,49 ;-;0,26 ;0,90 ;-;-;-;-;-
08/1961;-;5,23 ;-;1,06 ;5,94 ;-;-;-;-;-
09/1961;-;4,17 ;-;0,27 ;5,05 ;-;-;-;-;-
10/1961;-;8,30 ;-;10,65 ;10,50 ;-;-;-;-;-
11/1961;-;4,85 ;-;10,81 ;4,35 ;-;-;-;-;-
12/1961;-;3,70 ;-;1,07 ;3,63 ;-;-;-;-;-
01/1962;-;5,27 ;-;1,16 ;4,10 ;-;-;-;-;-
02/1962;-;1,69 ;-;1,86 ;1,93 ;-;-;-;-;-
03/1962;-;1,67 ;-;0,11 ;0,70 ;-;-;-;-;-
04/1962;-;0,82 ;-;1,32 ;0,21 ;-;-;-;-;-
05/1962;-;3,99 ;-;2,02 ;3,82 ;-;-;-;-;-
06/1962;-;3,13 ;-;2,36 ;2,68 ;-;-;-;-;-
07/1962;-;4,55 ;-;2,31 ;4,89 ;-;-;-;-;-
08/1962;-;2,83 ;-;2,73 ;1,74 ;-;-;-;-;-
09/1962;-;2,11 ;-;1,37 ;2,45 ;-;-;-;-;-
10/1962;-;2,76 ;-;7,15 ;2,95 ;-;-;-;-;-
11/1962;-;7,47 ;-;13,43 ;7,74 ;-;-;-;-;-
12/1962;-;6,27 ;-;9,54 ;5,18 ;-;-;-;-;-
01/1963;-;8,75 ;-;26,21 ;9,85 ;-;-;-;-;-
02/1963;-;5,95 ;-;2,65 ;6,92 ;-;-;-;-;-
03/1963;-;5,53 ;-;0,42 ;6,18 ;-;-;-;-;-
04/1963;-;1,56 ;-;1,49 ;0,42 ;-;-;-;-;-
05/1963;-;4,08 ;-;1,59 ;4,62 ;-;-;-;-;-
06/1963;-;5,03 ;-;1,22 ;6,27 ;-;-;-;-;-
07/1963;-;3,73 ;-;2,35 ;2,67 ;-;-;-;-;-
08/1963;-;3,67 ;-;0,56 ;4,11 ;-;-;-;-;-
09/1963;-;5,50 ;-;5,34 ;6,10 ;-;-;-;-;-
10/1963;-;6,15 ;-;4,01 ;6,08 ;-;-;-;-;-
11/1963;-;4,45 ;-;4,98 ;3,46 ;-;-;-;-;-
12/1963;-;5,94 ;-;2,23 ;5,69 ;-;-;-;-;-
01/1964;-;11,26 ;-;19,07 ;8,35 ;-;-;-;-;-
02/1964;-;6,75 ;-;3,14 ;5,62 ;-;-;-;-;-
03/1964;-;7,44 ;-;11,68 ;5,81 ;-;-;-;-;-
04/1964;-;4,39 ;-;2,76 ;3,78 ;-;-;-;-;-
05/1964;-;2,70 ;-;3,63 ;2,93 ;-;-;-;-;-
06/1964;-;4,33 ;-;2,24 ;4,71 ;-;-;-;-;-
07/1964;-;6,45 ;-;6,85 ;6,38 ;-;-;-;-;-
08/1964;-;2,92 ;-;2,46 ;3,18 ;-;-;-;-;-
09/1964;-;3,75 ;-;3,18 ;4,29 ;-;-;-;-;-
10/1964;-;4,47 ;-;4,57 ;4,63 ;-;-;-;-;-
11/1964;-;6,96 ;-;7,14 ;8,38 ;-;-;-;-;-
12/1964;-;5,98 ;-;7,99 ;4,75 ;-;-;-;-;-
01/1965;-;4,82 ;-;6,10 ;5,05 ;-;-;-;-;-
02/1965;-;3,13 ;-;4,00 ;1,76 ;-;-;-;-;-
03/1965;-;6,01 ;-;12,90 ;4,32 ;-;-;-;-;-
04/1965;-;2,35 ;-;3,15 ;1,82 ;-;-;-;-;-
05/1965;-;1,71 ;-;1,17 ;1,65 ;-;-;-;-;-
06/1965;-;1,15 ;-;0,21 ;1,36 ;-;-;-;-;-
07/1965;-;2,74 ;-;3,13 ;2,39 ;-;-;-;-;-
08/1965;-;1,20 ;-;0,31 ;1,46 ;-;-;-;-;-
09/1965;-;1,97 ;-;1,89 ;1,24 ;-;-;-;-;-
10/1965;-;2,02 ;-;1,82 ;2,81 ;-;-;-;-;-
11/1965;-;0,91 ;-;1,64 ;1,62 ;-;-;-;-;-
12/1965;-;1,92 ;-;0,85 ;2,23 ;-;-;-;-;-
01/1966;-;7,67 ;-;5,14 ;9,11 ;-;-;-;-;-
02/1966;-;2,89 ;-;4,40 ;1,97 ;-;-;-;-;-
03/1966;-;2,61 ;-;5,23 ;1,79 ;-;-;-;-;-
04/1966;-;4,71 ;-;4,17 ;5,20 ;-;-;-;-;-
05/1966;-;2,33 ;-;1,29 ;3,05 ;-;-;-;-;-
06/1966;-;1,85 ;-;0,68 ;1,84 ;-;-;-;-;-
07/1966;-;3,32 ;-;3,27 ;3,87 ;-;-;-;-;-
08/1966;-;2,19 ;-;2,57 ;2,19 ;-;-;-;-;-
09/1966;-;2,38 ;-;1,83 ;2,75 ;-;-;-;-;-
10/1966;-;2,05 ;-;0,76 ;2,69 ;-;-;-;-;-
11/1966;-;0,97 ;-;0,81 ;0,78 ;-;-;-;-;-
12/1966;-;0,68 ;-;0,84 ;0,35 ;-;-;-;-;-
01/1967;-;4,45 ;-;7,15 ;4,10 ;-;-;-;-;-
02/1967;-;2,43 ;-;5,00 ;2,65 ;-;-;-;-;-
03/1967;-;2,30 ;-;7,02 ;1,31 ;-;-;-;-;-
04/1967;-;2,52 ;-;5,05 ;2,00 ;-;-;-;-;-
05/1967;-;1,33 ;-;1,32 ;-0,02 ;-;-;-;-;-
06/1967;-;0,80 ;-;1,68 ;0,56 ;-;-;-;-;-
07/1967;-;2,82 ;-;0,92 ;3,51 ;-;-;-;-;-
08/1967;-;0,84 ;-;2,00 ;0,37 ;-;-;-;-;-
09/1967;-;1,51 ;-;1,96 ;1,41 ;-;-;-;-;-
10/1967;-;1,50 ;-;1,13 ;1,92 ;-;-;-;-;-
11/1967;-;1,55 ;-;1,47 ;1,68 ;-;-;-;-;-
12/1967;-;0,55 ;-;0,34 ;0,65 ;-;-;-;-;-
01/1968;-;3,29 ;-;3,39 ;3,67 ;-;-;-;-;-
02/1968;-;2,34 ;-;3,03 ;2,57 ;-;-;-;-;-
03/1968;-;2,07 ;-;2,86 ;2,34 ;-;-;-;-;-
04/1968;-;2,22 ;-;6,11 ;1,13 ;-;-;-;-;-
05/1968;-;1,51 ;-;2,55 ;0,81 ;-;-;-;-;-
06/1968;-;2,69 ;-;3,70 ;2,09 ;-;-;-;-;-
07/1968;-;1,42 ;-;0,82 ;1,53 ;-;-;-;-;-
08/1968;-;1,19 ;-;1,29 ;1,04 ;-;-;-;-;-
09/1968;-;1,83 ;-;1,28 ;2,50 ;-;-;-;-;-
10/1968;-;2,26 ;-;1,79 ;2,26 ;-;-;-;-;-
11/1968;-;1,49 ;-;1,37 ;1,77 ;-;-;-;-;-
12/1968;-;0,65 ;-;0,26 ;0,22 ;-;-;-;-;-
01/1969;-;1,69 ;-;-0,38 ;1,88 ;-;-;-;-;-
02/1969;-;1,42 ;-;3,22 ;1,07 ;-;-;-;-;-
03/1969;-;0,53 ;-;1,00 ;-0,67 ;-;-;-;-;-
04/1969;-;1,26 ;-;0,62 ;1,06 ;-;-;-;-;-
05/1969;-;1,15 ;-;2,76 ;0,96 ;-;-;-;-;-
06/1969;-;2,17 ;-;0,66 ;2,93 ;-;-;-;-;-
07/1969;-;2,30 ;-;1,60 ;2,64 ;-;-;-;-;-
08/1969;-;1,69 ;-;0,23 ;1,98 ;-;-;-;-;-
09/1969;-;2,21 ;-;0,93 ;2,49 ;-;-;-;-;-
10/1969;-;1,63 ;-;0,46 ;2,25 ;-;-;-;-;-
11/1969;-;1,47 ;-;0,46 ;1,32 ;-;-;-;-;-
12/1969;-;0,29 ;-;0,46 ;-0,09 ;-;-;-;-;-
01/1970;-;1,25 ;-;0,91 ;1,57 ;-;-;-;-;-
02/1970;-;1,42 ;-;1,35 ;1,37 ;-;-;-;-;-
03/1970;-;1,92 ;-;2,67 ;1,69 ;-;-;-;-;-
04/1970;-;0,32 ;-;3,03 ;-0,33 ;-;-;-;-;-
05/1970;-;1,60 ;-;2,94 ;1,50 ;-;-;-;-;-
06/1970;-;2,21 ;-;1,23 ;2,38 ;-;-;-;-;-
07/1970;-;1,72 ;-;1,21 ;1,76 ;-;-;-;-;-
08/1970;-;2,30 ;-;0,80 ;2,21 ;-;-;-;-;-
09/1970;-;1,99 ;-;1,63 ;1,93 ;-;-;-;-;-
10/1970;-;1,49 ;-;0,39 ;1,36 ;-;-;-;-;-
11/1970;-;0,78 ;-;0,39 ;0,75 ;-;-;-;-;-
12/1970;-;0,77 ;-;0,77 ;0,93 ;-;-;-;-;-
01/1971;-;1,61 ;-;1,15 ;1,79 ;-;-;-;-;-
02/1971;-;1,55 ;-;1,89 ;1,59 ;-;-;-;-;-
03/1971;-;1,99 ;-;1,12 ;2,55 ;-;-;-;-;-
04/1971;-;1,73 ;-;1,84 ;1,84 ;-;-;-;-;-
05/1971;-;1,84 ;-;1,81 ;1,92 ;-;-;-;-;-
06/1971;-;2,28 ;-;1,06 ;2,79 ;-;-;-;-;-
07/1971;-;1,49 ;-;1,05 ;1,34 ;-;-;-;-;-
08/1971;-;0,93 ;-;0,69 ;0,80 ;-;-;-;-;-
09/1971;-;1,44 ;-;0,69 ;1,53 ;-;-;-;-;-
10/1971;-;1,22 ;-;0,34 ;1,26 ;-;-;-;-;-
11/1971;-;1,02 ;-;0,34 ;1,20 ;-;-;-;-;-
12/1971;-;0,84 ;-;0,00 ;0,99 ;-;-;-;-;-
01/1972;-;1,66 ;-;0,72 ;1,83 ;-;-;-;-;-
02/1972;-;1,97 ;-;0,68 ;2,01 ;-;-;-;-;-
03/1972;-;1,62 ;-;3,69 ;1,32 ;-;-;-;-;-
04/1972;-;1,08 ;-;3,88 ;1,01 ;-;-;-;-;-
05/1972;-;0,86 ;-;4,40 ;0,36 ;-;-;-;-;-
06/1972;-;1,07 ;-;0,30 ;1,04 ;-;-;-;-;-
07/1972;-;1,38 ;-;1,19 ;1,44 ;-;-;-;-;-
08/1972;-;1,43 ;-;1,47 ;1,44 ;-;-;-;-;-
09/1972;-;1,12 ;-;0,87 ;1,22 ;-;-;-;-;-
10/1972;-;0,94 ;-;0,29 ;1,06 ;-;-;-;-;-
11/1972;-;0,87 ;-;0,29 ;1,21 ;-;-;-;-;-
12/1972;-;0,71 ;-;0,57 ;0,94 ;-;-;-;-;-
01/1973;-;1,65 ;-;1,70 ;1,84 ;-;-;-;-;-
02/1973;-;1,16 ;-;1,12 ;1,15 ;-;-;-;-;-
03/1973;-;1,44 ;-;1,93 ;1,38 ;-;-;-;-;-
04/1973;-;1,45 ;-;3,83 ;1,12 ;-;-;-;-;-
05/1973;-;1,06 ;-;2,35 ;0,98 ;-;-;-;-;-
06/1973;-;0,93 ;-;1,02 ;1,04 ;-;-;-;-;-
07/1973;-;1,03 ;-;1,01 ;1,14 ;-;-;-;-;-
08/1973;-;1,01 ;-;1,00 ;1,04 ;-;-;-;-;-
09/1973;-;1,03 ;-;0,99 ;1,08 ;-;-;-;-;-
10/1973;-;1,47 ;-;1,99 ;1,45 ;-;-;-;-;-
11/1973;-;1,24 ;-;1,20 ;1,24 ;-;-;-;-;-
12/1973;-;1,06 ;-;0,95 ;1,07 ;-;-;-;-;-
01/1974;-;2,93 ;-;2,59 ;2,59 ;-;-;-;-;-
02/1974;-;2,66 ;-;2,69 ;2,72 ;-;-;-;-;-
03/1974;-;4,51 ;-;4,04 ;4,63 ;-;-;-;-;-
04/1974;-;5,14 ;-;4,08 ;5,74 ;-;-;-;-;-
05/1974;-;3,51 ;-;4,25 ;3,94 ;-;-;-;-;-
06/1974;-;1,98 ;-;3,98 ;1,74 ;-;-;-;-;-
07/1974;-;1,19 ;-;1,07 ;0,86 ;-;-;-;-;-
08/1974;-;1,29 ;-;0,85 ;1,21 ;-;-;-;-;-
09/1974;-;1,66 ;-;0,86 ;1,73 ;-;-;-;-;-
10/1974;-;1,50 ;-;0,83 ;1,63 ;-;-;-;-;-
11/1974;-;1,57 ;-;1,42 ;1,61 ;-;-;-;-;-
12/1974;-;2,20 ;-;1,47 ;2,41 ;-;-;-;-;-
01/1975;-;2,23 ;-;2,00 ;1,95 ;-;-;-;-;-
02/1975;-;2,27 ;-;1,83 ;2,54 ;-;-;-;-;-
03/1975;-;1,57 ;-;3,86 ;1,03 ;-;-;-;-;-
04/1975;-;1,79 ;-;2,23 ;1,59 ;-;-;-;-;-
05/1975;-;2,13 ;-;2,71 ;2,03 ;-;-;-;-;-
06/1975;-;2,22 ;-;1,02 ;2,44 ;-;-;-;-;-
07/1975;-;2,11 ;-;1,50 ;2,05 ;-;-;-;-;-
08/1975;-;2,79 ;-;0,67 ;2,85 ;-;-;-;-;-
09/1975;-;2,31 ;-;1,22 ;2,54 ;-;-;-;-;-
10/1975;-;2,25 ;-;0,88 ;2,64 ;-;-;-;-;-
11/1975;-;2,15 ;-;2,20 ;2,10 ;-;-;-;-;-
12/1975;-;2,18 ;-;1,70 ;2,25 ;-;-;-;-;-
01/1976;-;3,09 ;-;2,23 ;2,71 ;-;-;-;-;-
02/1976;-;4,15 ;-;3,74 ;3,68 ;-;-;-;-;-
03/1976;-;3,69 ;-;5,30 ;3,68 ;-;-;-;-;-
04/1976;-;3,76 ;-;5,85 ;3,51 ;-;-;-;-;-
05/1976;-;3,41 ;-;5,42 ;3,01 ;-;-;-;-;-
06/1976;-;2,67 ;-;5,06 ;2,21 ;-;-;-;-;-
07/1976;-;3,81 ;-;4,98 ;4,31 ;-;-;-;-;-
08/1976;-;4,10 ;-;4,05 ;4,84 ;-;-;-;-;-
09/1976;-;3,43 ;-;3,97 ;3,52 ;-;-;-;-;-
10/1976;-;2,36 ;-;2,44 ;2,22 ;-;-;-;-;-
11/1976;-;1,90 ;-;2,91 ;1,72 ;-;-;-;-;-
12/1976;-;2,30 ;-;1,20 ;2,30 ;-;-;-;-;-
01/1977;-;3,74 ;-;3,66 ;3,07 ;-;-;-;-;-
02/1977;-;3,17 ;-;5,04 ;2,83 ;-;-;-;-;-
03/1977;-;4,15 ;-;3,17 ;4,30 ;-;-;-;-;-
04/1977;-;4,08 ;-;4,98 ;4,30 ;-;-;-;-;-
05/1977;-;3,58 ;-;5,09 ;3,36 ;-;-;-;-;-
06/1977;-;1,96 ;-;2,10 ;1,58 ;-;-;-;-;-
07/1977;-;2,07 ;-;1,97 ;1,89 ;-;-;-;-;-
08/1977;-;1,30 ;-;1,67 ;0,88 ;-;-;-;-;-
09/1977;-;1,77 ;-;1,81 ;1,55 ;-;-;-;-;-
10/1977;-;2,74 ;-;4,75 ;2,29 ;-;-;-;-;-
11/1977;-;2,61 ;-;2,02 ;2,61 ;-;-;-;-;-
12/1977;-;2,11 ;-;1,43 ;2,18 ;-;-;-;-;-
01/1978;-;2,66 ;-;1,80 ;3,02 ;-;-;-;-;-
02/1978;-;3,40 ;-;1,92 ;3,54 ;-;-;-;-;-
03/1978;-;3,30 ;-;4,45 ;3,50 ;-;-;-;-;-
04/1978;-;3,36 ;-;5,19 ;3,46 ;-;-;-;-;-
05/1978;-;3,21 ;-;2,06 ;3,50 ;-;-;-;-;-
06/1978;-;3,63 ;-;2,49 ;3,61 ;-;-;-;-;-
07/1978;-;2,82 ;-;2,16 ;2,47 ;-;-;-;-;-
08/1978;-;2,67 ;-;2,50 ;2,83 ;-;-;-;-;-
09/1978;-;2,55 ;-;3,19 ;2,69 ;-;-;-;-;-
10/1978;-;2,87 ;-;2,00 ;3,22 ;-;-;-;-;-
11/1978;-;2,75 ;-;2,50 ;3,06 ;-;-;-;-;-
12/1978;-;1,52 ;-;1,68 ;1,39 ;-;-;-;-;-
01/1979;-;3,68 ;-;2,34 ;3,42 ;-;-;-;-;-
02/1979;-;3,75 ;-;2,62 ;3,67 ;-;-;-;-;-
03/1979;-;5,77 ;-;8,15 ;5,98 ;-;-;-;-;-
04/1979;-;3,77 ;-;3,62 ;3,78 ;-;-;-;-;-
05/1979;-;2,34 ;-;4,27 ;2,01 ;-;-;-;-;-
06/1979;-;3,45 ;-;3,53 ;3,57 ;-;-;-;-;-
07/1979;-;4,36 ;-;1,71 ;4,30 ;-;-;-;-;-
08/1979;-;5,83 ;-;3,71 ;6,23 ;-;-;-;-;-
09/1979;-;7,69 ;-;10,26 ;8,25 ;-;-;-;-;-
10/1979;-;5,25 ;-;2,47 ;6,41 ;-;-;-;-;-
11/1979;-;5,57 ;-;3,84 ;5,64 ;-;-;-;-;-
12/1979;-;7,30 ;-;3,67 ;7,22 ;-;-;-;-;-
01/1980;-;6,24 ;-;4,69 ;7,26 ;-;-;-;-;-
02/1980;-;4,20 ;-;9,53 ;3,64 ;-;-;-;-;-
03/1980;-;6,57 ;-;12,79 ;6,50 ;-;-;-;-;-
04/1980;-;5,72 ;-;3,14 ;6,65 ;-;-;-;-;-
05/1980;-;6,39 ;-;4,88 ;7,14 ;-;-;-;-;-
06/1980;-;5,86 ;-;5,73 ;6,41 ;-;-;-;-;-
07/1980;-;8,45 ;-;6,32 ;9,65 ;-;-;-;-;-
08/1980;-;6,92 ;-;10,28 ;6,83 ;-;-;-;-;-
09/1980;-;5,28 ;-;8,01 ;5,23 ;-;-;-;-;-
10/1980;-;7,65 ;-;3,10 ;9,37 ;-;-;-;-;-
11/1980;-;7,55 ;-;5,06 ;8,51 ;-;-;-;-;-
12/1980;-;5,89 ;-;4,99 ;5,12 ;-;-;-;-;-
01/1981;-;6,56 ;-;4,49 ;6,12 ;-;-;-;-;-
02/1981;-;8,48 ;-;14,88 ;8,16 ;-;-;-;-;-
03/1981;-;7,37 ;-;8,06 ;7,90 ;-;-;-;-;-
04/1981;-;5,47 ;-;3,40 ;5,34 ;-;-;-;-;-
05/1981;-;6,19 ;-;3,49 ;6,95 ;-;-;-;-;-
06/1981;-;4,47 ;-;2,36 ;4,43 ;-;-;-;-;-
07/1981;-;5,08 ;-;1,95 ;4,52 ;-;-;-;-;-
08/1981;-;6,73 ;-;12,40 ;5,57 ;-;-;-;-;-
09/1981;-;5,07 ;-;5,53 ;4,99 ;-;-;-;-;-
10/1981;-;4,35 ;-;1,72 ;5,05 ;-;-;-;-;-
11/1981;-;5,31 ;-;3,28 ;5,91 ;-;-;-;-;-
12/1981;-;3,80 ;-;3,11 ;3,45 ;-;-;-;-;-
01/1982;-;6,29 ;-;3,80 ;6,27 ;-;-;-;-;-
02/1982;-;6,85 ;-;10,87 ;6,43 ;-;-;-;-;-
03/1982;-;7,23 ;-;12,54 ;7,15 ;-;-;-;-;-
04/1982;-;5,36 ;-;4,27 ;5,54 ;-;-;-;-;-
05/1982;-;6,12 ;-;5,26 ;5,51 ;-;-;-;-;-
06/1982;-;7,99 ;-;3,67 ;9,25 ;-;-;-;-;-
07/1982;-;6,06 ;-;5,49 ;5,66 ;-;-;-;-;-
08/1982;-;5,80 ;-;16,94 ;4,56 ;-;-;-;-;-
09/1982;-;3,66 ;-;4,02 ;3,36 ;-;-;-;-;-
10/1982;-;4,78 ;-;3,24 ;5,23 ;-;-;-;-;-
11/1982;-;5,00 ;-;4,06 ;5,26 ;-;-;-;-;-
12/1982;-;6,14 ;-;2,37 ;6,02 ;-;-;-;-;-
01/1983;-;9,05 ;-;3,87 ;9,82 ;-;-;-;-;-
02/1983;-;6,52 ;-;12,65 ;5,60 ;-;-;-;-;-
03/1983;-;10,09 ;-;8,29 ;10,75 ;-;-;-;-;-
04/1983;-;9,20 ;-;4,07 ;10,31 ;-;-;-;-;-
05/1983;-;6,40 ;-;7,16 ;6,58 ;-;-;-;-;-
06/1983;-;12,61 ;-;5,06 ;13,73 ;-;-;-;-;-
07/1983;-;13,31 ;-;6,65 ;14,45 ;-;-;-;-;-
08/1983;-;10,11 ;-;16,87 ;10,10 ;-;-;-;-;-
09/1983;-;12,79 ;-;8,91 ;14,42 ;-;-;-;-;-
10/1983;-;13,26 ;-;5,06 ;15,57 ;-;-;-;-;-
11/1983;-;8,43 ;-;12,05 ;8,69 ;-;-;-;-;-
12/1983;-;7,56 ;-;4,94 ;7,40 ;-;-;-;-;-
01/1984;-;9,81 ;-;5,94 ;10,19 ;-;-;-;-;-
02/1984;-;12,26 ;-;21,67 ;11,93 ;-;-;-;-;-
03/1984;-;9,95 ;-;9,36 ;10,11 ;-;-;-;-;-
04/1984;-;8,94 ;-;4,36 ;9,60 ;-;-;-;-;-
05/1984;-;8,86 ;-;7,99 ;8,82 ;-;-;-;-;-
06/1984;-;9,25 ;-;8,93 ;9,08 ;-;-;-;-;-
07/1984;-;10,32 ;-;5,26 ;10,75 ;-;-;-;-;-
08/1984;-;10,62 ;-;27,61 ;9,20 ;-;-;-;-;-
09/1984;-;10,51 ;-;5,60 ;11,17 ;-;-;-;-;-
10/1984;-;12,58 ;-;8,64 ;13,67 ;-;-;-;-;-
11/1984;-;9,88 ;-;8,64 ;10,36 ;-;-;-;-;-
12/1984;-;10,53 ;-;8,16 ;10,84 ;-;-;-;-;-
01/1985;-;12,64 ;-;7,53 ;12,93 ;-;-;-;-;-
02/1985;-;10,16 ;-;13,05 ;9,22 ;-;-;-;-;-
03/1985;-;12,71 ;-;11,59 ;13,58 ;-;-;-;-;-
04/1985;-;7,22 ;-;8,80 ;7,25 ;-;-;-;-;-
05/1985;-;7,78 ;-;22,42 ;6,47 ;-;-;-;-;-
06/1985;-;7,84 ;-;6,37 ;7,08 ;-;-;-;-;-
07/1985;-;8,92 ;-;9,80 ;7,61 ;-;-;-;-;-
08/1985;-;14,00 ;-;13,13 ;14,51 ;-;-;-;-;-
09/1985;-;9,13 ;-;9,62 ;9,06 ;-;-;-;-;-
10/1985;-;9,05 ;-;6,75 ;9,54 ;-;-;-;-;-
11/1985;-;14,95 ;-;20,98 ;15,07 ;-;-;-;-;-
12/1985;-;13,20 ;-;13,51 ;12,27 ;-;-;-;-;-
01/1986;-;17,79 ;-;13,96 ;18,98 ;-;-;-;-;-
02/1986;-;14,98 ;-;12,09 ;16,11 ;-;-;-;-;-
03/1986;-;5,52 ;-;11,05 ;4,16 ;-;-;-;-;-
04/1986;-;-0,58 ;-;-0,33 ;-1,46 ;-;-;-;-;-
05/1986;-;0,32 ;-;0,24 ;0,09 ;-;-;-;-;-
06/1986;-;0,53 ;-;1,19 ;0,37 ;-;-;-;-;-
07/1986;-;0,63 ;-;1,08 ;0,58 ;-;-;-;-;-
08/1986;-;1,33 ;-;2,69 ;1,34 ;-;-;-;-;-
09/1986;-;1,09 ;-;3,97 ;0,67 ;-;-;-;-;-
10/1986;-;1,39 ;-;3,75 ;1,16 ;-;-;-;-;-
11/1986;-;2,46 ;-;5,17 ;2,13 ;-;-;-;-;-
12/1986;-;7,56 ;-;7,34 ;7,65 ;-;-;-;-;-
01/1987;-;12,04 ;-;14,00 ;10,50 ;-;-;-;-;-
02/1987;-;14,11 ;-;32,46 ;10,35 ;-;-;-;-;-
03/1987;-;15,00 ;-;22,59 ;14,05 ;-;-;-;-;-
04/1987;-;20,08 ;-;13,26 ;20,98 ;-;-;-;-;-
05/1987;-;27,58 ;-;20,09 ;30,72 ;-;-;-;-;-
06/1987;-;25,88 ;-;20,93 ;26,26 ;-;-;-;-;-
07/1987;-;9,33 ;-;7,72 ;9,89 ;-;-;-;-;-
08/1987;-;4,50 ;-;3,31 ;3,72 ;-;-;-;-;-
09/1987;-;8,02 ;-;7,46 ;7,55 ;-;-;-;-;-
10/1987;-;11,15 ;-;10,09 ;11,68 ;-;-;-;-;-
11/1987;-;14,46 ;-;13,17 ;14,98 ;-;-;-;-;-
12/1987;-;15,89 ;-;13,88 ;16,05 ;-;-;-;-;-
01/1988;-;19,14 ;-;17,39 ;18,39 ;-;-;-;-;-
02/1988;-;17,65 ;-;15,78 ;17,86 ;-;-;-;-;-
03/1988;-;18,16 ;-;19,46 ;17,52 ;-;-;-;-;-
04/1988;-;20,33 ;-;17,02 ;21,32 ;-;-;-;-;-
05/1988;-;19,51 ;-;23,64 ;19,27 ;-;-;-;-;-
06/1988;-;20,83 ;-;20,20 ;21,23 ;-;-;-;-;-
07/1988;-;21,54 ;-;19,71 ;22,25 ;-;-;-;-;-
08/1988;-;22,89 ;-;21,89 ;23,71 ;-;-;-;-;-
09/1988;-;25,76 ;-;25,36 ;26,15 ;-;-;-;-;-
10/1988;-;27,58 ;-;34,58 ;26,88 ;-;-;-;-;-
11/1988;-;27,97 ;-;30,72 ;27,59 ;-;-;-;-;-
12/1988;-;28,89 ;-;27,72 ;29,46 ;-;-;-;-;-
01/1989;-;36,56 ;-;31,99 ;36,12 ;-;-;-;-;-
02/1989;-;11,80 ;-;13,92 ;10,74 ;-;-;-;-;-
03/1989;-;4,23 ;-;5,51 ;3,11 ;-;-;-;-;-
04/1989;-;5,17 ;-;6,12 ;4,88 ;-;-;-;-;-
05/1989;-;12,76 ;-;18,96 ;11,22 ;-;-;-;-;-
06/1989;19,68 ;26,76 ;-;29,86 ;25,42 ;-;-;-;-;-
07/1989;35,90 ;37,88 ;-;41,43 ;39,44 ;-;-;-;-;-
08/1989;36,92 ;36,48 ;-;43,05 ;36,73 ;-;-;-;-;-
09/1989;39,92 ;38,92 ;-;39,56 ;41,41 ;-;-;-;-;-
10/1989;40,64 ;39,70 ;-;39,22 ;40,34 ;-;-;-;-;-
11/1989;40,48 ;44,27 ;-;41,39 ;44,32 ;-;-;-;-;-
12/1989;47,13 ;49,39 ;-;46,84 ;48,89 ;-;-;-;-;-
01/1990;61,46 ;71,90 ;72,84 ;64,68 ;72,63 ;-;-;-;-;-
02/1990;81,29 ;71,68 ;67,52 ;70,25 ;73,99 ;-;-;-;-;-
03/1990;83,95 ;81,32 ;80,75 ;78,41 ;82,04 ;-;-;-;-;-
04/1990;28,35 ;11,33 ;17,25 ;1,67 ;9,98 ;-;-;-;-;-
05/1990;5,93 ;9,08 ;9,63 ;0,99 ;9,93 ;-;-;-;-;-
06/1990;9,94 ;9,02 ;12,75 ;7,42 ;7,32 ;-;-;-;-;-
07/1990;12,01 ;12,98 ;14,71 ;16,67 ;11,57 ;-;-;-;-;-
08/1990;13,62 ;12,93 ;12,86 ;13,11 ;12,95 ;-;-;-;-;-
09/1990;12,80 ;11,71 ;13,12 ;10,87 ;11,06 ;-;-;-;-;-
10/1990;12,97 ;14,16 ;14,04 ;11,48 ;14,59 ;-;-;-;-;-
11/1990;16,86 ;17,45 ;16,74 ;13,05 ;18,43 ;-;-;-;-;-
12/1990;18,00 ;16,46 ;18,87 ;17,51 ;15,00 ;-;-;-;-;-
01/1991;17,70 ;19,93 ;19,91 ;17,03 ;20,32 ;-;-;-;-;-
02/1991;21,02 ;21,11 ;21,53 ;15,50 ;21,57 ;-;-;-;-;-
03/1991;9,19 ;7,25 ;6,60 ;8,33 ;7,48 ;-;-;-;-;-
04/1991;7,81 ;8,74 ;8,62 ;6,77 ;9,04 ;-;-;-;-;-
05/1991;7,48 ;6,53 ;7,05 ;13,19 ;5,45 ;-;-;-;-;-
06/1991;8,48 ;9,86 ;11,72 ;10,18 ;8,77 ;-;-;-;-;-
07/1991;13,22 ;12,83 ;13,31 ;13,61 ;12,45 ;-;-;-;-;-
08/1991;15,25 ;15,49 ;15,49 ;14,63 ;15,60 ;-;-;-;-;-
09/1991;14,93 ;16,19 ;16,87 ;21,11 ;15,17 ;-;-;-;-;-
10/1991;22,63 ;25,85 ;23,98 ;23,01 ;27,34 ;-;-;-;-;-
11/1991;25,62 ;25,76 ;25,36 ;29,47 ;25,52 ;-;-;-;-;-
12/1991;23,63 ;22,14 ;23,80 ;19,71 ;21,50 ;-;-;-;-;-
01/1992;23,56 ;26,84 ;25,70 ;29,87 ;27,11 ;-;-;-;-;-
02/1992;27,86 ;24,79 ;23,89 ;23,63 ;25,48 ;-;-;-;-;-
03/1992;21,39 ;20,70 ;20,86 ;27,77 ;19,67 ;-;-;-;-;-
04/1992;19,94 ;18,54 ;20,10 ;17,42 ;17,80 ;-;-;-;-;-
05/1992;20,43 ;22,45 ;23,13 ;28,22 ;21,23 ;-;-;-;-;-
06/1992;23,61 ;21,42 ;23,11 ;18,03 ;20,90 ;-;-;-;-;-
07/1992;21,84 ;21,69 ;20,45 ;23,53 ;22,19 ;-;-;-;-;-
08/1992;24,63 ;25,54 ;24,48 ;17,28 ;27,40 ;-;-;-;-;-
09/1992;25,27 ;27,37 ;26,13 ;34,30 ;27,17 ;-;-;-;-;-
10/1992;26,76 ;24,94 ;26,61 ;18,91 ;24,83 ;-;-;-;-;-
11/1992;23,43 ;24,22 ;22,74 ;29,16 ;24,43 ;-;-;-;-;-
12/1992;25,08 ;23,70 ;24,75 ;18,84 ;23,78 ;-;-;-;-;-
01/1993;25,83 ;28,73 ;30,08 ;36,90 ;26,69 ;-;-;-;-;-
02/1993;28,41 ;26,51 ;28,41 ;22,60 ;26,23 ;-;-;-;-;-
03/1993;26,25 ;27,81 ;25,71 ;32,61 ;28,08 ;-;-;-;-;-
04/1993;28,83 ;28,22 ;30,46 ;21,28 ;28,32 ;-;-;-;-;-
05/1993;29,70 ;32,27 ;29,94 ;40,60 ;32,06 ;-;-;-;-;-
06/1993;31,50 ;30,72 ;32,82 ;27,13 ;30,30 ;-;-;-;-;-
07/1993;31,25 ;31,96 ;30,74 ;33,73 ;32,29 ;-;-;-;-;-
08/1993;31,79 ;33,53 ;35,69 ;28,42 ;33,34 ;-;-;-;-;-
09/1993;35,28 ;36,99 ;35,48 ;40,09 ;37,25 ;-;-;-;-;-
10/1993;35,04 ;35,14 ;35,75 ;34,03 ;35,03 ;-;-;-;-;-
11/1993;36,15 ;36,96 ;37,32 ;38,40 ;36,52 ;-;-;-;-;-
12/1993;38,32 ;36,22 ;38,26 ;32,99 ;35,72 ;-;-;-;-;-
01/1994;39,07 ;42,19 ;42,67 ;45,93 ;41,28 ;-;-;-;-;39,72
02/1994;40,78 ;42,41 ;41,98 ;39,14 ;43,23 ;-;-;-;-;42,23
03/1994;45,71 ;44,83 ;43,47 ;55,71 ;43,65 ;-;-;-;-;41,94
04/1994;40,91 ;42,46 ;45,57 ;45,60 ;40,20 ;-;-;-;-;42,06
05/1994;42,58 ;40,95 ;43,77 ;45,60 ;38,47 ;-;-;-;-;39,82
06/1994;45,21 ;46,58 ;49,10 ;44,74 ;45,50 ;-;-;-;-;45,54
07/1994;4,33 ;5,47 ;8,10 ;3,58 ;4,41 ;-;-;-;-;18,45
08/1994;3,94 ;3,34 ;2,60 ;0,14 ;4,40 ;-;-;-;-;-0,02
09/1994;1,75 ;1,55 ;1,46 ;0,38 ;1,79 ;2,71 ;1,94 ;1,86 ;0,31 ;-0,13
10/1994;1,82 ;2,55 ;2,65 ;1,32 ;2,71 ;1,63 ;1,98 ;1,81 ;0,88 ;0,20
11/1994;2,85 ;2,47 ;3,11 ;2,36 ;2,18 ;2,95 ;2,76 ;3,49 ;1,42 ;0,94
12/1994;0,84 ;0,57 ;1,11 ;1,32 ;0,17 ;1,15 ;0,22 ;1,52 ;2,44 ;1,08
01/1995;0,92 ;1,36 ;1,63 ;3,50 ;0,87 ;0,61 ;0,51 ;1,59 ;1,37 ;1,11
02/1995;1,39 ;1,15 ;1,97 ;2,09 ;0,58 ;1,65 ;0,88 ;1,68 ;3,54 ;0,87
03/1995;1,12 ;1,81 ;2,74 ;3,30 ;1,08 ;1,22 ;0,12 ;2,63 ;2,41 ;1,02
04/1995;2,10 ;2,30 ;2,90 ;2,30 ;1,99 ;1,74 ;1,61 ;2,82 ;2,74 ;1,95
05/1995;0,58 ;0,40 ;2,21 ;8,77 ;-2,03 ;1,54 ;-0,73 ;2,39 ;2,43 ;1,21
06/1995;2,46 ;2,62 ;4,39 ;3,12 ;1,55 ;1,44 ;0,56 ;3,64 ;9,38 ;1,52
07/1995;1,82 ;2,24 ;2,63 ;1,09 ;2,24 ;2,22 ;0,90 ;3,12 ;2,71 ;1,28
08/1995;2,20 ;1,29 ;0,74 ;0,62 ;1,73 ;2,11 ;2,86 ;1,49 ;0,93 ;0,50
09/1995;-0,71 ;-1,08 ;0,67 ;0,72 ;-2,42 ;0,12 ;-1,58 ;0,41 ;0,46 ;1,57
10/1995;0,52 ;0,23 ;0,63 ;0,86 ;-0,14 ;-0,03 ;0,33 ;0,80 ;0,72 ;0,64
11/1995;1,20 ;1,33 ;1,25 ;0,73 ;1,49 ;0,80 ;1,41 ;0,97 ;0,76 ;0,36
12/1995;0,71 ;0,27 ;1,57 ;0,86 ;-0,61 ;1,00 ;0,20 ;1,46 ;1,07 ;0,32
01/1996;1,73 ;1,79 ;2,70 ;1,52 ;1,31 ;1,14 ;1,49 ;2,49 ;0,67 ;0,21
02/1996;0,97 ;0,76 ;1,46 ;0,11 ;0,47 ;1,55 ;0,48 ;1,67 ;1,35 ;0,03
03/1996;0,40 ;0,22 ;0,43 ;0,98 ;-0,07 ;0,41 ;0,13 ;0,93 ;0,19 ;-0,15
04/1996;0,32 ;0,70 ;1,31 ;0,25 ;0,41 ;0,25 ;-0,05 ;0,75 ;0,89 ;0,37
05/1996;1,55 ;1,68 ;2,08 ;2,16 ;1,34 ;1,35 ;1,41 ;2,11 ;0,55 ;0,23
06/1996;1,02 ;1,22 ;1,57 ;1,54 ;0,94 ;1,08 ;0,41 ;1,67 ;2,01 ;0,39
07/1996;1,35 ;1,09 ;0,76 ;0,75 ;1,38 ;1,21 ;1,59 ;0,90 ;1,52 ;0,13
08/1996;0,28 ;0,00 ;0,01 ;0,23 ;-0,05 ;0,70 ;0,22 ;0,22 ;0,74 ;0,44
09/1996;0,10 ;0,13 ;-0,35 ;0,22 ;0,41 ;0,09 ;0,35 ;-0,31 ;0,15 ;0,33
10/1996;0,19 ;0,22 ;0,18 ;0,26 ;0,24 ;0,17 ;0,37 ;-0,11 ;0,23 ;0,20
11/1996;0,20 ;0,28 ;0,25 ;0,58 ;0,24 ;0,15 ;0,02 ;0,46 ;0,28 ;0,36
12/1996;0,73 ;0,88 ;0,44 ;0,59 ;1,21 ;0,38 ;1,23 ;0,01 ;0,48 ;1,29
01/1997;1,77 ;1,58 ;1,85 ;0,32 ;1,67 ;1,73 ;1,93 ;1,86 ;0,68 ;0,36
02/1997;0,43 ;0,42 ;0,53 ;0,48 ;0,34 ;0,73 ;0,27 ;0,73 ;0,31 ;0,35
03/1997;1,15 ;1,16 ;0,63 ;0,73 ;1,59 ;0,93 ;1,62 ;0,63 ;0,42 ;0,15
04/1997;0,68 ;0,59 ;0,80 ;0,23 ;0,53 ;0,77 ;0,61 ;0,77 ;0,73 ;0,40
05/1997;0,21 ;0,30 ;0,39 ;0,86 ;0,14 ;0,30 ;0,20 ;0,21 ;0,30 ;0,16
06/1997;0,74 ;0,70 ;1,30 ;1,11 ;0,24 ;0,59 ;0,32 ;1,36 ;1,00 ;0,31
07/1997;0,09 ;0,09 ;0,24 ;0,51 ;-0,09 ;0,11 ;-0,28 ;0,42 ;0,94 ;0,54
08/1997;0,09 ;-0,04 ;-0,27 ;1,18 ;-0,15 ;0,28 ;0,09 ;-0,05 ;0,55 ;0,03
09/1997;0,48 ;0,59 ;0,17 ;0,27 ;0,92 ;0,27 ;0,73 ;-0,15 ;1,18 ;0,18
10/1997;0,37 ;0,34 ;0,29 ;0,15 ;0,41 ;0,35 ;0,44 ;0,30 ;0,22 ;0,20
11/1997;0,64 ;0,83 ;0,53 ;0,54 ;1,08 ;0,49 ;0,91 ;0,33 ;0,22 ;0,31
12/1997;0,84 ;0,69 ;0,56 ;0,23 ;0,87 ;0,72 ;0,97 ;0,73 ;0,52 ;0,10
01/1998;0,96 ;0,88 ;1,26 ;0,33 ;0,75 ;0,86 ;0,99 ;1,12 ;0,29 ;0,26
02/1998;0,18 ;0,02 ;0,14 ;0,48 ;-0,15 ;0,49 ;-0,05 ;0,46 ;0,48 ;0,09
03/1998;0,19 ;0,23 ;0,33 ;0,47 ;0,13 ;0,13 ;0,12 ;0,26 ;0,31 ;0,09
04/1998;0,13 ;-0,13 ;0,23 ;-0,50 ;-0,28 ;0,16 ;0,20 ;0,20 ;-0,46 ;-0,08
05/1998;0,14 ;0,23 ;0,14 ;0,98 ;0,13 ;0,12 ;-0,01 ;0,26 ;0,47 ;0,12
06/1998;0,38 ;0,28 ;0,41 ;0,39 ;0,17 ;0,36 ;0,38 ;0,23 ;0,86 ;0,18
07/1998;-0,17 ;-0,38 ;-0,25 ;0,34 ;-0,61 ;0,00 ;-0,34 ;-0,09 ;0,42 ;-0,22
08/1998;-0,16 ;-0,17 ;-0,52 ;0,22 ;-0,04 ;-0,20 ;-0,06 ;-0,45 ;0,29 ;-0,23
09/1998;-0,08 ;-0,02 ;-0,17 ;0,01 ;0,06 ;-0,29 ;0,07 ;-0,40 ;0,09 ;-0,31
10/1998;0,08 ;-0,03 ;0,20 ;0,01 ;-0,19 ;0,17 ;0,09 ;0,08 ;0,05 ;-0,08
11/1998;-0,32 ;-0,18 ;-0,19 ;-0,05 ;-0,20 ;-0,08 ;-0,52 ;-0,07 ;-0,07 ;-0,25
12/1998;0,45 ;0,98 ;0,09 ;0,05 ;1,74 ;-0,07 ;0,94 ;-0,19 ;-0,01 ;0,23
01/1999;0,84 ;1,15 ;0,64 ;0,55 ;1,58 ;0,89 ;1,05 ;0,70 ;0,21 ;1,82
02/1999;3,61 ;4,44 ;1,41 ;0,98 ;6,99 ;2,64 ;5,82 ;0,97 ;0,62 ;5,97
03/1999;2,83 ;1,98 ;0,95 ;0,55 ;2,84 ;3,51 ;4,16 ;1,19 ;0,91 ;3,11
04/1999;0,71 ;0,03 ;0,52 ;0,52 ;-0,34 ;1,19 ;0,76 ;0,67 ;0,58 ;1,11
05/1999;-0,29 ;-0,34 ;0,08 ;0,86 ;-0,82 ;-0,22 ;-0,70 ;0,22 ;0,38 ;0,71
06/1999;0,36 ;1,02 ;0,65 ;0,41 ;1,35 ;-0,06 ;0,33 ;0,24 ;0,88 ;0,89
07/1999;1,55 ;1,59 ;1,20 ;0,46 ;2,03 ;1,39 ;2,01 ;1,12 ;0,41 ;2,26
08/1999;1,56 ;1,45 ;0,48 ;0,69 ;2,15 ;1,58 ;2,24 ;0,70 ;0,52 ;2,15
09/1999;1,45 ;1,47 ;0,19 ;0,86 ;2,30 ;1,49 ;2,16 ;0,37 ;0,83 ;2,06
10/1999;1,70 ;1,89 ;0,92 ;1,01 ;2,58 ;1,54 ;2,50 ;0,55 ;0,79 ;2,15
11/1999;2,39 ;2,53 ;1,12 ;0,91 ;3,59 ;2,21 ;3,26 ;1,15 ;1,22 ;2,10
12/1999;1,81 ;1,23 ;0,60 ;1,04 ;1,60 ;2,35 ;2,60 ;0,62 ;0,81 ;0,97
01/2000;1,24 ;1,02 ;1,01 ;1,07 ;1,02 ;1,22 ;1,29 ;1,17 ;1,15 ;0,98
02/2000;0,35 ;0,19 ;0,05 ;0,77 ;0,17 ;0,55 ;0,41 ;0,05 ;0,89 ;0,74
03/2000;0,15 ;0,18 ;0,51 ;0,56 ;-0,05 ;0,13 ;-0,06 ;0,34 ;0,82 ;0,60
04/2000;0,23 ;0,13 ;0,25 ;0,60 ;-0,02 ;0,35 ;0,04 ;0,45 ;0,69 ;0,32
05/2000;0,31 ;0,67 ;0,40 ;1,35 ;0,69 ;0,18 ;0,20 ;0,43 ;0,57 ;0,72
06/2000;0,85 ;0,93 ;-0,01 ;0,73 ;1,45 ;0,76 ;1,25 ;0,00 ;1,09 ;0,64
07/2000;1,57 ;2,26 ;1,91 ;0,30 ;2,79 ;1,22 ;1,98 ;1,02 ;0,83 ;2,48
08/2000;2,39 ;1,82 ;0,86 ;0,39 ;2,56 ;2,52 ;3,10 ;1,66 ;0,35 ;1,70
09/2000;1,16 ;0,69 ;0,04 ;0,26 ;1,09 ;1,52 ;1,81 ;0,14 ;0,30 ;0,67
10/2000;0,38 ;0,37 ;0,02 ;0,33 ;0,56 ;0,51 ;0,59 ;0,00 ;0,28 ;0,45
11/2000;0,29 ;0,39 ;0,40 ;0,41 ;0,38 ;0,35 ;0,36 ;0,14 ;0,29 ;0,57
12/2000;0,63 ;0,76 ;0,62 ;0,64 ;0,85 ;0,51 ;0,66 ;0,61 ;0,49 ;1,15
01/2001;0,62 ;0,49 ;0,64 ;0,58 ;0,40 ;0,63 ;0,66 ;0,62 ;0,40 ;0,78
02/2001;0,23 ;0,34 ;0,40 ;0,34 ;0,31 ;0,40 ;0,08 ;0,42 ;0,55 ;0,31
03/2001;0,56 ;0,80 ;0,56 ;0,27 ;1,01 ;0,36 ;0,65 ;0,47 ;0,34 ;0,27
04/2001;1,00 ;1,13 ;0,86 ;0,36 ;1,39 ;0,94 ;1,24 ;0,74 ;0,28 ;0,48
05/2001;0,86 ;0,44 ;0,41 ;2,11 ;0,18 ;1,10 ;0,79 ;0,63 ;2,00 ;0,49
06/2001;0,98 ;1,46 ;0,52 ;1,16 ;1,96 ;0,69 ;1,31 ;0,40 ;0,69 ;1,59
07/2001;1,48 ;1,62 ;1,36 ;0,52 ;1,93 ;1,32 ;1,73 ;1,10 ;1,07 ;1,89
08/2001;1,38 ;0,90 ;0,54 ;0,62 ;1,13 ;1,67 ;1,75 ;0,90 ;0,56 ;1,05
09/2001;0,31 ;0,38 ;0,12 ;0,55 ;0,48 ;0,63 ;0,34 ;0,13 ;0,59 ;0,75
10/2001;1,18 ;1,45 ;0,71 ;0,93 ;1,88 ;0,87 ;1,53 ;0,52 ;0,92 ;1,94
11/2001;1,10 ;0,76 ;0,85 ;0,74 ;0,73 ;1,27 ;1,30 ;0,85 ;0,60 ;0,65
12/2001;0,22 ;0,18 ;0,70 ;0,34 ;-0,09 ;0,42 ;-0,08 ;0,70 ;0,70 ;-0,32
01/2002;0,36 ;0,19 ;0,79 ;0,36 ;-0,13 ;0,26 ;0,14 ;0,82 ;0,40 ;-0,32
02/2002;0,06 ;0,18 ;0,14 ;0,58 ;0,14 ;0,14 ;-0,09 ;0,29 ;0,31 ;0,36
03/2002;0,09 ;0,11 ;0,42 ;0,55 ;-0,11 ;0,18 ;-0,14 ;0,33 ;0,84 ;0,04
04/2002;0,56 ;0,70 ;0,71 ;0,33 ;0,75 ;0,36 ;0,52 ;0,72 ;0,32 ;1,30
05/2002;0,83 ;1,11 ;0,28 ;2,53 ;1,27 ;0,70 ;0,81 ;0,30 ;2,47 ;1,42
06/2002;1,54 ;1,74 ;0,55 ;0,57 ;2,50 ;1,35 ;2,31 ;0,39 ;0,21 ;1,74
07/2002;1,95 ;2,05 ;1,03 ;0,29 ;2,82 ;1,86 ;2,66 ;0,90 ;0,63 ;2,23
08/2002;2,32 ;2,36 ;0,76 ;1,00 ;3,32 ;2,26 ;3,20 ;0,91 ;0,82 ;2,50
09/2002;2,40 ;2,64 ;0,66 ;0,71 ;3,84 ;2,40 ;3,43 ;0,67 ;0,68 ;3,04
10/2002;3,87 ;4,21 ;1,14 ;1,13 ;6,02 ;3,32 ;5,62 ;0,91 ;0,82 ;4,96
11/2002;5,19 ;5,84 ;3,14 ;2,45 ;7,45 ;4,73 ;6,73 ;2,51 ;2,19 ;7,05
12/2002;3,75 ;2,70 ;1,94 ;1,70 ;3,14 ;4,87 ;4,45 ;2,55 ;2,13 ;3,18
01/2003;2,33 ;2,17 ;2,32 ;1,51 ;2,21 ;2,29 ;2,55 ;2,06 ;1,45 ;2,64
02/2003;2,28 ;1,59 ;1,37 ;1,39 ;1,71 ;2,42 ;2,64 ;1,62 ;1,60 ;1,91
03/2003;1,53 ;1,66 ;1,06 ;1,38 ;1,93 ;1,58 ;1,72 ;1,10 ;1,38 ;2,56
04/2003;0,92 ;0,41 ;1,12 ;0,90 ;0,07 ;1,24 ;0,80 ;1,28 ;0,81 ;0,48
05/2003;-0,26 ;-0,67 ;0,69 ;2,84 ;-1,68 ;0,02 ;-1,11 ;0,83 ;2,98 ;-1,15
06/2003;-1,00 ;-0,70 ;-0,16 ;1,05 ;-1,16 ;-0,59 ;-1,67 ;0,10 ;0,74 ;-1,21
07/2003;-0,42 ;-0,20 ;0,34 ;0,99 ;-0,59 ;-0,73 ;-0,75 ;0,07 ;0,59 ;-0,66
08/2003;0,38 ;0,62 ;0,13 ;1,44 ;0,70 ;0,21 ;0,20 ;0,18 ;2,20 ;0,29
09/2003;1,18 ;1,05 ;0,76 ;0,22 ;1,29 ;0,95 ;1,54 ;0,63 ;0,24 ;0,40
10/2003;0,38 ;0,44 ;0,21 ;0,65 ;0,50 ;0,67 ;0,36 ;0,39 ;0,47 ;0,18
11/2003;0,49 ;0,48 ;0,33 ;1,04 ;0,46 ;0,45 ;0,57 ;0,31 ;0,42 ;0,54
12/2003;0,61 ;0,60 ;0,43 ;0,16 ;0,74 ;0,59 ;0,64 ;0,41 ;0,99 ;0,80
01/2004;0,88 ;0,80 ;1,08 ;0,33 ;0,75 ;0,76 ;0,98 ;0,84 ;0,28 ;1,20
02/2004;0,69 ;1,08 ;0,28 ;1,00 ;1,42 ;0,78 ;0,79 ;0,53 ;0,48 ;2,29
03/2004;1,13 ;0,93 ;0,46 ;1,16 ;1,09 ;1,05 ;1,33 ;0,46 ;1,59 ;0,94
04/2004;1,21 ;1,15 ;0,31 ;0,59 ;1,57 ;1,20 ;1,65 ;0,31 ;0,60 ;1,86
05/2004;1,31 ;1,46 ;0,71 ;1,83 ;1,71 ;1,24 ;1,52 ;0,59 ;1,74 ;1,32
06/2004;1,38 ;1,29 ;0,78 ;0,70 ;1,57 ;1,50 ;1,73 ;0,76 ;0,56 ;1,97
07/2004;1,31 ;1,14 ;0,59 ;1,12 ;1,35 ;1,31 ;1,58 ;0,67 ;1,12 ;1,76
08/2004;1,22 ;1,31 ;0,79 ;0,81 ;1,59 ;0,84 ;1,42 ;0,80 ;0,90 ;1,98
09/2004;0,69 ;0,48 ;0,01 ;0,58 ;0,65 ;1,25 ;0,90 ;0,15 ;0,67 ;1,13
10/2004;0,39 ;0,53 ;0,10 ;1,19 ;0,61 ;0,23 ;0,44 ;0,05 ;0,95 ;1,83
11/2004;0,82 ;0,82 ;0,37 ;0,71 ;1,00 ;0,83 ;0,99 ;0,30 ;0,94 ;1,30
12/2004;0,74 ;0,52 ;0,63 ;0,51 ;0,48 ;0,77 ;0,81 ;0,58 ;0,61 ;0,38
01/2005;0,39 ;0,33 ;0,85 ;0,75 ;0,08 ;0,42 ;0,20 ;0,80 ;0,70 ;0,33
02/2005;0,30 ;0,40 ;0,43 ;0,44 ;0,39 ;0,31 ;0,20 ;0,51 ;0,42 ;0,08
03/2005;0,85 ;0,99 ;0,70 ;0,67 ;1,14 ;0,67 ;0,94 ;0,66 ;0,71 ;0,30
04/2005;0,86 ;0,51 ;0,88 ;0,72 ;0,33 ;1,17 ;0,96 ;0,80 ;0,38 ;1,01
05/2005;-0,22 ;-0,25 ;0,79 ;2,09 ;-0,98 ;0,00 ;-0,77 ;1,02 ;0,54 ;-0,38
06/2005;-0,44 ;-0,45 ;-0,05 ;0,76 ;-0,78 ;-0,41 ;-1,00 ;0,05 ;2,20 ;-0,71
07/2005;-0,34 ;-0,40 ;0,13 ;0,11 ;-0,69 ;-0,37 ;-0,65 ;0,12 ;0,65 ;-0,38
08/2005;-0,65 ;-0,79 ;-0,44 ;0,02 ;-1,04 ;-0,52 ;-0,88 ;-0,32 ;0,05 ;-0,57
09/2005;-0,53 ;-0,13 ;0,09 ;0,24 ;-0,28 ;-0,69 ;-0,76 ;-0,17 ;0,06 ;0,67
10/2005;0,60 ;0,63 ;0,42 ;0,19 ;0,79 ;0,48 ;0,72 ;0,42 ;0,28 ;0,78
11/2005;0,40 ;0,33 ;0,57 ;0,28 ;0,24 ;0,35 ;0,40 ;0,46 ;0,29 ;0,13
12/2005;-0,01 ;0,07 ;0,46 ;0,37 ;-0,14 ;0,06 ;-0,27 ;0,52 ;0,38 ;-0,37
01/2006;0,92 ;0,72 ;0,65 ;0,34 ;0,81 ;0,84 ;1,10 ;0,70 ;0,24 ;0,86
02/2006;0,01 ;-0,06 ;0,01 ;0,19 ;-0,12 ;0,17 ;-0,06 ;0,11 ;0,28 ;0,08
03/2006;-0,23 ;-0,45 ;0,22 ;0,20 ;-0,81 ;-0,03 ;-0,48 ;0,22 ;0,23 ;-0,06
04/2006;-0,42 ;0,02 ;0,34 ;0,36 ;-0,15 ;-0,65 ;-0,77 ;0,22 ;0,21 ;0,05
05/2006;0,38 ;0,38 ;-0,19 ;1,32 ;0,46 ;0,36 ;0,43 ;0,07 ;0,81 ;0,67
06/2006;0,75 ;0,67 ;-0,40 ;0,90 ;1,06 ;0,57 ;1,11 ;-0,44 ;1,45 ;0,88
07/2006;0,18 ;0,17 ;0,06 ;0,47 ;0,17 ;0,39 ;0,21 ;-0,08 ;0,57 ;0,08
08/2006;0,37 ;0,41 ;0,16 ;0,24 ;0,53 ;0,27 ;0,46 ;0,13 ;0,35 ;0,34
09/2006;0,29 ;0,24 ;0,19 ;0,11 ;0,28 ;0,36 ;0,36 ;0,18 ;0,09 ;0,00
10/2006;0,47 ;0,81 ;0,14 ;0,21 ;1,16 ;0,21 ;0,65 ;0,10 ;0,18 ;-0,07
11/2006;0,75 ;0,57 ;0,24 ;0,23 ;0,75 ;1,02 ;1,02 ;0,27 ;0,23 ;0,22
12/2006;0,32 ;0,26 ;0,63 ;0,36 ;0,11 ;0,47 ;0,29 ;0,39 ;0,30 ;0,36
01/2007;0,50 ;0,43 ;0,69 ;0,45 ;0,32 ;0,39 ;0,40 ;0,81 ;0,45 ;0,08
02/2007;0,27 ;0,23 ;0,34 ;0,21 ;0,19 ;0,28 ;0,21 ;0,43 ;0,26 ;-0,10
03/2007;0,34 ;0,22 ;0,48 ;0,27 ;0,11 ;0,38 ;0,33 ;0,45 ;0,17 ;0,20
04/2007;0,04 ;0,14 ;0,31 ;0,46 ;0,02 ;0,18 ;-0,14 ;0,37 ;0,43 ;0,84
05/2007;0,04 ;0,16 ;0,25 ;1,15 ;-0,04 ;0,09 ;-0,09 ;0,20 ;0,55 ;0,58
06/2007;0,26 ;0,26 ;0,42 ;0,92 ;0,09 ;0,15 ;0,01 ;0,35 ;1,67 ;-0,09
07/2007;0,28 ;0,37 ;0,28 ;0,31 ;0,42 ;0,22 ;0,26 ;0,34 ;0,21 ;-0,01
08/2007;0,98 ;1,39 ;0,42 ;0,26 ;1,96 ;0,64 ;1,31 ;0,39 ;0,35 ;0,61
09/2007;1,29 ;1,17 ;0,23 ;0,51 ;1,64 ;1,47 ;1,83 ;0,21 ;0,39 ;0,41
10/2007;1,05 ;0,75 ;0,13 ;0,51 ;1,02 ;1,07 ;1,42 ;0,28 ;0,49 ;0,41
11/2007;0,69 ;1,05 ;0,27 ;0,36 ;1,45 ;0,71 ;0,97 ;0,04 ;0,48 ;0,41
12/2007;1,76 ;1,47 ;0,70 ;0,59 ;1,90 ;1,59 ;2,36 ;0,67 ;0,43 ;1,01
01/2008;1,09 ;0,99 ;0,97 ;0,38 ;1,08 ;1,02 ;1,24 ;0,96 ;0,41 ;0,88
02/2008;0,53 ;0,38 ;0,00 ;0,40 ;0,52 ;0,80 ;0,64 ;0,26 ;0,43 ;0,79
03/2008;0,74 ;0,70 ;0,45 ;0,66 ;0,80 ;0,61 ;0,96 ;0,19 ;0,59 ;0,94
04/2008;0,69 ;1,12 ;0,72 ;0,87 ;1,30 ;0,45 ;0,65 ;0,76 ;0,82 ;1,77
05/2008;1,61 ;1,88 ;0,87 ;2,02 ;2,22 ;1,52 ;2,01 ;0,68 ;1,10 ;2,13
06/2008;1,98 ;1,89 ;0,77 ;1,92 ;2,29 ;1,96 ;2,27 ;0,89 ;2,67 ;1,69
07/2008;1,76 ;1,12 ;0,53 ;1,46 ;1,28 ;2,00 ;2,20 ;0,65 ;1,42 ;1,34
08/2008;-0,32 ;-0,38 ;0,14 ;1,18 ;-0,80 ;0,38 ;-0,74 ;0,23 ;1,27 ;0,86
09/2008;0,11 ;0,36 ;-0,09 ;0,95 ;0,44 ;-0,42 ;0,04 ;-0,06 ;0,95 ;0,77
10/2008;0,98 ;1,09 ;0,47 ;0,77 ;1,36 ;0,78 ;1,24 ;0,25 ;0,85 ;1,86
11/2008;0,38 ;0,07 ;0,56 ;0,50 ;-0,17 ;0,73 ;0,30 ;0,52 ;0,65 ;-0,01
12/2008;-0,13 ;-0,44 ;0,52 ;0,17 ;-0,88 ;0,03 ;-0,42 ;0,58 ;0,22 ;-0,73
01/2009;-0,44 ;0,01 ;0,83 ;0,33 ;-0,33 ;-0,85 ;-0,95 ;0,75 ;0,26 ;-1,16
02/2009;0,26 ;-0,13 ;0,21 ;0,27 ;-0,31 ;0,54 ;0,20 ;0,40 ;0,35 ;-0,29
03/2009;-0,74 ;-0,84 ;0,61 ;-0,25 ;-1,46 ;-0,31 ;-1,24 ;0,43 ;-0,17 ;-1,16
04/2009;-0,15 ;0,04 ;0,47 ;-0,04 ;-0,10 ;-0,71 ;-0,44 ;0,58 ;-0,01 ;-0,58
05/2009;-0,07 ;0,18 ;0,39 ;1,39 ;-0,10 ;0,17 ;-0,30 ;0,42 ;0,25 ;-0,32
06/2009;-0,10 ;-0,32 ;0,12 ;0,70 ;-0,64 ;-0,03 ;-0,45 ;0,17 ;1,53 ;-0,97
07/2009;-0,43 ;-0,64 ;0,34 ;0,26 ;-1,16 ;-0,35 ;-0,85 ;0,34 ;0,37 ;-0,69
08/2009;-0,36 ;0,09 ;0,20 ;-0,05 ;0,07 ;-0,60 ;-0,61 ;0,16 ;0,01 ;0,10
09/2009;0,42 ;0,25 ;0,18 ;0,15 ;0,29 ;0,35 ;0,53 ;0,28 ;0,07 ;0,63
10/2009;0,05 ;-0,04 ;0,01 ;0,06 ;-0,08 ;0,10 ;0,04 ;0,03 ;0,13 ;-0,02
11/2009;0,10 ;0,07 ;0,26 ;0,29 ;-0,04 ;0,07 ;0,08 ;0,14 ;0,18 ;-0,07
12/2009;-0,26 ;-0,11 ;0,24 ;0,10 ;-0,29 ;-0,07 ;-0,50 ;0,20 ;0,20 ;0,02
01/2010;0,63 ;1,01 ;1,29 ;0,64 ;0,96 ;0,20 ;0,51 ;1,00 ;0,52 ;1,37
02/2010;1,18 ;1,09 ;0,68 ;0,36 ;1,38 ;1,08 ;1,42 ;0,88 ;0,35 ;1,35
03/2010;0,94 ;0,63 ;0,86 ;0,75 ;0,52 ;1,10 ;1,07 ;0,83 ;0,45 ;-0,05
04/2010;0,77 ;0,72 ;0,76 ;0,84 ;0,68 ;0,63 ;0,72 ;0,73 ;1,17 ;0,42
05/2010;1,19 ;1,57 ;0,21 ;1,81 ;2,06 ;1,11 ;1,49 ;0,49 ;0,93 ;2,66
06/2010;0,85 ;0,34 ;-0,21 ;1,09 ;0,43 ;1,30 ;1,09 ;-0,18 ;1,77 ;0,42
07/2010;0,15 ;0,22 ;-0,21 ;0,44 ;0,34 ;0,05 ;0,20 ;-0,17 ;0,62 ;0,48
08/2010;0,77 ;1,10 ;-0,08 ;0,14 ;1,70 ;0,46 ;1,24 ;-0,27 ;0,22 ;1,40
09/2010;1,15 ;1,10 ;0,46 ;0,21 ;1,47 ;1,12 ;1,60 ;0,34 ;0,20 ;0,31
10/2010;1,01 ;1,03 ;0,59 ;0,20 ;1,32 ;1,15 ;1,30 ;0,56 ;0,15 ;0,39
11/2010;1,45 ;1,58 ;1,00 ;0,37 ;1,98 ;1,16 ;1,84 ;0,81 ;0,36 ;0,75
12/2010;0,69 ;0,38 ;0,72 ;0,67 ;0,21 ;1,27 ;0,63 ;0,92 ;0,59 ;0,22
01/2011;0,79 ;0,98 ;1,27 ;0,41 ;0,96 ;0,49 ;0,76 ;1,08 ;0,37 ;0,62
02/2011;1,00 ;0,96 ;0,49 ;0,28 ;1,23 ;1,03 ;1,20 ;0,67 ;0,39 ;0,73
03/2011;0,62 ;0,61 ;0,71 ;0,43 ;0,60 ;0,84 ;0,65 ;0,62 ;0,44 ;0,42
04/2011;0,45 ;0,50 ;0,95 ;1,06 ;0,24 ;0,56 ;0,29 ;0,78 ;0,75 ;0,58
05/2011;0,43 ;0,01 ;0,51 ;2,94 ;-0,63 ;0,55 ;0,03 ;0,90 ;2,03 ;0,32
06/2011;-0,18 ;-0,13 ;-0,18 ;0,37 ;-0,19 ;-0,22 ;-0,45 ;-0,12 ;1,43 ;0,13
07/2011;-0,12 ;-0,05 ;-0,04 ;0,45 ;-0,13 ;-0,12 ;-0,22 ;-0,13 ;0,59 ;-0,07
08/2011;0,44 ;0,61 ;0,40 ;0,13 ;0,77 ;0,20 ;0,57 ;0,21 ;0,16 ;0,46
09/2011;0,65 ;0,75 ;0,50 ;0,14 ;0,94 ;0,63 ;0,74 ;0,59 ;0,14 ;0,62
10/2011;0,53 ;0,40 ;0,26 ;0,23 ;0,48 ;0,64 ;0,68 ;0,26 ;0,20 ;0,87
11/2011;0,50 ;0,43 ;0,53 ;0,72 ;0,34 ;0,44 ;0,52 ;0,43 ;0,50 ;0,27
12/2011;-0,12 ;-0,16 ;0,79 ;0,11 ;-0,55 ;0,19 ;-0,48 ;0,71 ;0,35 ;-0,58
01/2012;0,25 ;0,30 ;0,81 ;0,89 ;0,01 ;0,08 ;-0,07 ;0,97 ;0,67 ;-0,36
02/2012;-0,06 ;0,07 ;0,24 ;0,30 ;-0,03 ;0,04 ;-0,26 ;0,27 ;0,42 ;-0,05
03/2012;0,43 ;0,56 ;0,60 ;0,51 ;0,55 ;0,27 ;0,42 ;0,48 ;0,37 ;0,31
04/2012;0,85 ;1,02 ;0,52 ;0,75 ;1,25 ;0,70 ;0,97 ;0,55 ;0,83 ;1,32
05/2012;1,02 ;0,91 ;0,52 ;1,88 ;0,91 ;1,01 ;1,17 ;0,49 ;1,30 ;0,99
06/2012;0,66 ;0,69 ;0,11 ;0,73 ;0,89 ;0,73 ;0,74 ;0,17 ;1,31 ;0,86
07/2012;1,34 ;1,52 ;0,22 ;0,67 ;2,13 ;0,96 ;1,81 ;0,25 ;0,85 ;0,98
08/2012;1,43 ;1,29 ;0,44 ;0,26 ;1,77 ;1,59 ;1,99 ;0,33 ;0,32 ;0,47
09/2012;0,97 ;0,88 ;0,54 ;0,22 ;1,11 ;1,05 ;1,25 ;0,49 ;0,21 ;0,76
10/2012;0,02 ;-0,31 ;0,48 ;0,21 ;-0,68 ;0,42 ;-0,20 ;0,58 ;0,24 ;-0,41
11/2012;-0,03 ;0,25 ;0,45 ;0,33 ;0,16 ;-0,28 ;-0,19 ;0,33 ;0,23 ;0,04
12/2012;0,68 ;0,66 ;0,66 ;0,16 ;0,74 ;0,63 ;0,73 ;0,73 ;0,29 ;0,53
01/2013;0,34 ;0,31 ;1,01 ;0,65 ;0,00 ;0,42 ;0,11 ;0,98 ;0,39 ;0,67
02/2013;0,29 ;0,20 ;0,33 ;0,60 ;0,09 ;0,29 ;0,21 ;0,30 ;0,80 ;0,31
03/2013;0,21 ;0,31 ;0,72 ;0,50 ;0,12 ;0,22 ;0,01 ;0,72 ;0,28 ;0,46
04/2013;0,15 ;-0,06 ;0,52 ;0,74 ;-0,39 ;0,18 ;-0,12 ;0,60 ;0,84 ;0,51
05/2013;0,00 ;0,32 ;0,32 ;2,25 ;0,01 ;-0,09 ;-0,30 ;0,33 ;1,24 ;0,30
06/2013;0,75 ;0,76 ;0,35 ;1,15 ;0,85 ;0,63 ;0,68 ;0,39 ;1,96 ;0,62
07/2013;0,26 ;0,14 ;-0,17 ;0,48 ;0,20 ;0,43 ;0,30 ;-0,07 ;0,73 ;0,37
08/2013;0,15 ;0,46 ;0,20 ;0,31 ;0,58 ;0,15 ;0,14 ;0,09 ;0,31 ;0,67
09/2013;1,50 ;1,36 ;0,30 ;0,43 ;1,90 ;1,05 ;2,11 ;0,27 ;0,43 ;1,85
10/2013;0,86 ;0,63 ;0,55 ;0,26 ;0,71 ;1,11 ;1,09 ;0,43 ;0,33 ;0,83
11/2013;0,29 ;0,28 ;0,68 ;0,35 ;0,12 ;0,44 ;0,17 ;0,65 ;0,27 ;0,09
12/2013;0,60 ;0,69 ;0,69 ;0,10 ;0,78 ;0,44 ;0,63 ;0,69 ;0,22 ;0,93
01/2014;0,48 ;0,40 ;0,99 ;0,88 ;0,12 ;0,58 ;0,31 ;0,87 ;0,70 ;0,75
02/2014;0,38 ;0,85 ;0,66 ;0,33 ;1,00 ;0,30 ;0,27 ;0,70 ;0,44 ;0,74
03/2014;1,67 ;1,48 ;0,85 ;0,28 ;1,91 ;1,29 ;2,20 ;0,82 ;0,22 ;0,56
04/2014;0,78 ;0,45 ;0,77 ;0,88 ;0,27 ;1,19 ;0,79 ;0,82 ;0,67 ;-0,14
05/2014;-0,13 ;-0,45 ;0,52 ;2,05 ;-1,21 ;0,13 ;-0,65 ;0,68 ;1,37 ;-0,72
06/2014;-0,74 ;-0,63 ;0,33 ;0,66 ;-1,21 ;-0,67 ;-1,44 ;0,34 ;1,25 ;-0,52
07/2014;-0,61 ;-0,55 ;0,10 ;0,75 ;-1,01 ;-0,56 ;-1,11 ;0,15 ;0,80 ;-0,34
08/2014;-0,27 ;0,06 ;0,12 ;0,08 ;0,04 ;-0,55 ;-0,45 ;0,02 ;0,19 ;-0,09
09/2014;0,20 ;0,02 ;0,49 ;0,15 ;-0,18 ;0,31 ;0,13 ;0,42 ;0,16 ;-0,10
10/2014;0,28 ;0,59 ;0,43 ;0,17 ;0,73 ;0,02 ;0,23 ;0,46 ;0,20 ;0,17
11/2014;0,98 ;1,14 ;0,65 ;0,44 ;1,44 ;0,82 ;1,26 ;0,53 ;0,30 ;0,89
12/2014;0,62 ;0,38 ;0,75 ;0,08 ;0,30 ;0,98 ;0,63 ;0,76 ;0,25 ;0,13
01/2015;0,76 ;0,67 ;1,73 ;0,92 ;0,23 ;0,42 ;0,56 ;1,35 ;0,70 ;0,04
02/2015;0,27 ;0,53 ;0,97 ;0,31 ;0,41 ;0,43 ;-0,09 ;1,14 ;0,50 ;0,13
03/2015;0,98 ;1,21 ;1,41 ;0,62 ;1,24 ;0,83 ;0,92 ;1,42 ;0,36 ;0,90
04/2015;1,17 ;0,92 ;0,61 ;0,46 ;1,11 ;1,27 ;1,41 ;0,75 ;0,65 ;1,54
05/2015;0,41 ;0,40 ;0,72 ;0,95 ;0,19 ;0,52 ;0,30 ;0,68 ;0,45 ;0,71
06/2015;0,67 ;0,68 ;0,82 ;1,84 ;0,43 ;0,57 ;0,41 ;0,83 ;1,87 ;0,54
07/2015;0,69 ;0,58 ;0,53 ;0,55 ;0,61 ;0,75 ;0,73 ;0,60 ;0,66 ;0,45
08/2015;0,28 ;0,40 ;0,22 ;0,59 ;0,44 ;0,34 ;0,20 ;0,24 ;0,80 ;0,38
09/2015;0,95 ;1,42 ;0,42 ;0,22 ;2,02 ;0,61 ;1,30 ;0,32 ;0,22 ;1,49
10/2015;1,89 ;1,76 ;0,76 ;0,36 ;2,38 ;1,88 ;2,63 ;0,64 ;0,27 ;2,23
11/2015;1,52 ;1,19 ;1,00 ;0,34 ;1,41 ;1,64 ;1,93 ;0,90 ;0,40 ;0,99
12/2015;0,49 ;0,44 ;0,88 ;0,10 ;0,33 ;0,81 ;0,39 ;0,92 ;0,12 ;-0,14
01/2016;1,14 ;1,53 ;1,78 ;0,39 ;1,63 ;0,69 ;1,14 ;1,48 ;0,32 ;1,24
02/2016;1,29 ;0,79 ;0,76 ;0,54 ;0,84 ;1,55 ;1,45 ;1,19 ;0,52 ;0,36
03/2016;0,51 ;0,43 ;0,50 ;0,64 ;0,37 ;0,58 ;0,44 ;0,58 ;0,79 ;-0,01
04/2016;0,33 ;0,36 ;0,49 ;0,55 ;0,29 ;0,40 ;0,29 ;0,39 ;0,41 ;-0,07
05/2016;0,82 ;1,13 ;0,64 ;0,08 ;1,49 ;0,60 ;0,98 ;0,65 ;0,19 ;0,71
06/2016;1,69 ;1,63 ;0,26 ;1,93 ;2,10 ;1,42 ;2,21 ;0,33 ;1,52 ;0,71
07/2016;0,18 ;-0,39 ;0,37 ;0,49 ;-0,81 ;1,06 ;-0,01 ;0,29 ;1,09 ;-0,30
08/2016;0,15 ;0,43 ;0,32 ;0,29 ;0,50 ;-0,27 ;0,04 ;0,40 ;0,26 ;0,34
09/2016;0,20 ;0,03 ;0,07 ;0,33 ;-0,03 ;0,36 ;0,18 ;0,16 ;0,37 ;0,60
10/2016;0,16 ;0,13 ;0,34 ;0,21 ;0,04 ;0,12 ;0,15 ;0,17 ;0,17 ;0,22
11/2016;-0,03 ;0,05 ;0,17 ;0,16 ;-0,01 ;0,06 ;-0,16 ;0,26 ;0,17 ;0,75
12/2016;0,54 ;0,83 ;0,33 ;0,34 ;1,10 ;0,20 ;0,69 ;0,20 ;0,36 ;1,98
01/2017;0,64 ;0,43 ;0,69 ;0,41 ;0,34 ;0,88 ;0,70 ;0,64 ;0,29 ;1,25
02/2017;0,08 ;0,06 ;0,31 ;0,65 ;-0,12 ;0,14 ;-0,09 ;0,39 ;0,53 ;0,08
03/2017;0,01 ;-0,38 ;0,47 ;0,16 ;-0,78 ;0,05 ;-0,17 ;0,38 ;0,36 ;-0,30
04/2017;-1,10 ;-1,24 ;0,12 ;-0,02 ;-1,96 ;-0,76 ;-1,77 ;0,33 ;-0,08 ;-1,19
05/2017;-0,93 ;-0,51 ;0,52 ;0,63 ;-1,10 ;-1,10 ;-1,56 ;0,29 ;0,13 ;-1,24
06/2017;-0,67 ;-0,96 ;-0,32 ;0,93 ;-1,53 ;-0,62 ;-1,22 ;-0,08 ;1,36 ;-1,06
07/2017;-0,72 ;-0,30 ;0,38 ;0,30 ;-0,67 ;-0,84 ;-1,16 ;0,04 ;0,22 ;-0,41
08/2017;0,10 ;0,24 ;0,13 ;0,36 ;0,26 ;-0,17 ;-0,05 ;0,33 ;0,40 ;0,96
09/2017;0,47 ;0,62 ;-0,02 ;0,06 ;0,97 ;0,39 ;0,74 ;-0,09 ;0,14 ;1,05
10/2017;0,20 ;0,10 ;0,33 ;0,31 ;-0,03 ;0,49 ;0,16 ;0,28 ;0,19 ;-0,16
11/2017;0,52 ;0,80 ;0,36 ;0,31 ;1,06 ;0,24 ;0,66 ;0,28 ;0,28 ;1,14
12/2017;0,89 ;0,74 ;0,21 ;0,07 ;1,07 ;0,90 ;1,24 ;0,30 ;0,14 ;1,15
01/2018;0,76 ;0,58 ;0,69 ;0,31 ;0,58 ;0,79 ;0,91 ;0,56 ;0,28 ;0,94
02/2018;0,07 ;0,15 ;0,17 ;0,13 ;0,15 ;0,23 ;-0,02 ;0,28 ;0,14 ;0,01
03/2018;0,64 ;0,56 ;0,17 ;0,24 ;0,77 ;0,45 ;0,89 ;0,14 ;0,23 ;-0,09
04/2018;0,57 ;0,93 ;0,34 ;0,29 ;1,26 ;0,56 ;0,71 ;0,31 ;0,28 ;0,96
05/2018;1,38 ;1,64 ;0,41 ;0,23 ;2,35 ;1,11 ;1,97 ;0,26 ;0,30 ;2,65
06/2018;1,87 ;1,48 ;1,19 ;0,97 ;1,67 ;1,86 ;2,33 ;1,09 ;0,76 ;1,83
07/2018;0,51 ;0,44 ;0,17 ;0,61 ;0,52 ;0,93 ;0,50 ;0,44 ;0,72 ;0,93
08/2018;0,70 ;0,68 ;0,07 ;0,15 ;0,99 ;0,51 ;1,00 ;0,05 ;0,30 ;0,69
09/2018;1,52 ;1,79 ;0,45 ;0,23 ;2,54 ;1,20 ;2,19 ;0,28 ;0,17 ;2,69
10/2018;0,89 ;0,26 ;0,48 ;0,35 ;0,17 ;1,43 ;1,10 ;0,51 ;0,33 ;0,59
11/2018;-0,49 ;-1,14 ;-0,17 ;0,13 ;-1,70 ;-0,16 ;-0,81 ;0,09 ;0,26 ;-1,47
12/2018;-1,08 ;-0,45 ;0,29 ;0,13 ;-0,82 ;-1,23 ;-1,67 ;0,04 ;0,13 ;-0,85
01/2019;0,01 ;0,07 ;0,57 ;0,49 ;-0,19 ;-0,26 ;-0,26 ;0,58 ;0,40 ;0,04
02/2019;0,88 ;1,25 ;0,35 ;0,09 ;1,79 ;0,40 ;1,22 ;0,26 ;0,19 ;0,95
03/2019;1,26 ;1,07 ;0,65 ;0,31 ;1,35 ;1,40 ;1,67 ;0,58 ;0,19 ;0,80
04/2019;0,92 ;0,90 ;0,63 ;0,38 ;1,09 ;1,00 ;1,07 ;0,69 ;0,49 ;1,60
05/2019;0,45 ;0,40 ;0,22 ;0,03 ;0,52 ;0,70 ;0,54 ;0,35 ;0,09 ;1,46
06/2019;0,80 ;0,63 ;-0,02 ;0,88 ;0,83 ;0,49 ;1,16 ;-0,07 ;0,44 ;0,38
07/2019;0,40 ;-0,01 ;0,31 ;0,58 ;-0,22 ;0,61 ;0,40 ;0,16 ;0,91 ;0,39
08/2019;-0,67 ;-0,51 ;0,17 ;0,42 ;-0,90 ;-0,47 ;-1,14 ;0,23 ;0,34 ;-1,49
09/2019;-0,01 ;0,50 ;0,00 ;0,46 ;0,68 ;-0,29 ;-0,09 ;-0,04 ;0,60 ;0,58
10/2019;0,68 ;0,55 ;-0,09 ;0,18 ;0,84 ;0,77 ;1,02 ;-0,05 ;0,12 ;0,62
11/2019;0,30 ;0,85 ;0,49 ;0,04 ;1,11 ;0,19 ;0,36 ;0,20 ;0,15 ;-0,01
12/2019;2,09 ;1,74 ;0,77 ;0,21 ;2,34 ;1,69 ;2,84 ;0,84 ;0,14 ;1,63
01/2020;0,48 ;0,09 ;0,59 ;0,38 ;-0,13 ;1,07 ;0,50 ;0,52 ;0,26 ;0,14
02/2020;-0,04 ;0,01 ;-0,01 ;0,33 ;-0,03 ;0,01 ;-0,19 ;0,21 ;0,35 ;-0,70
03/2020;1,24 ;1,64 ;0,34 ;0,26 ;2,33 ;0,64 ;1,76 ;0,12 ;0,38 ;1,74
04/2020;0,80 ;0,05 ;-0,18 ;0,22 ;0,11 ;1,13 ;1,12 ;0,13 ;0,18 ;-0,45
05/2020;0,28 ;1,07 ;-0,54 ;0,20 ;1,77 ;0,07 ;0,59 ;-0,60 ;0,21 ;1,85
06/2020;1,56 ;-;-;-;-;1,55 ;2,25 ;0,04 ;0,32 ;-
Fonte;FGV;FGV;FGV;FGV;FGV;FGV;FGV;FGV;FGV;FGV
